File Name,Time,MS,Longitude,Latitude,Height(m),"LTE PCC Serving PCI","LTE PCC Serving RSRP(dBm)","LTE PCC Serving SINR(dB)","LTE DL App Throughput(kbps)","LTE UL App Throughput(kbps)"
L900 (2).gen,2024-12-18 01:57:04.500	,MS1,,,,367,-78.75,17.25,,
L900 (2).gen,2024-12-18 01:57:05.500	,MS1,106.78105366,-6.27952980,,367,-79.97,16.94,6466.32,1305.74
L900 (2).gen,2024-12-18 01:57:06.500	,MS1,106.78103605,-6.27957684,,367,-82.71,13.71,38187.83,18531.59
L900 (2).gen,2024-12-18 01:57:07.500	,MS1,106.78102093,-6.27962121,,367,-82.36,12.33,33311.04,17557.79
L900 (2).gen,2024-12-18 01:57:08.500	,MS1,106.78100691,-6.27966009,,367,-78.61,14.88,34743.14,17339.38
L900 (2).gen,2024-12-18 01:57:09.500	,MS1,106.78099451,-6.27969771,,367,-76.10,19.21,35284.19,8119.10
L900 (2).gen,2024-12-18 01:57:10.500	,MS1,106.78098484,-6.27973062,,367,-76.77,16.08,35223.02,13157.59
L900 (2).gen,2024-12-18 01:57:11.500	,MS1,106.78097451,-6.27976463,,367,-78.85,15.44,33759.71,14329.57
L900 (2).gen,2024-12-18 01:57:12.500	,MS1,106.78096658,-6.27979076,,367,-84.34,9.56,26451.99,12206.87
L900 (2).gen,2024-12-18 01:57:13.500	,MS1,106.78096059,-6.27980886,,367,-81.43,13.54,10658.91,5737.50
L900 (2).gen,2024-12-18 01:57:14.500	,MS1,106.78095630,-6.27982006,,367,-81.71,12.13,10711.38,10441.25
L900 (2).gen,2024-12-18 01:57:15.500	,MS1,106.78095598,-6.27982090,,367,-83.50,11.83,31817.00,17121.66
L900 (2).gen,2024-12-18 01:57:16.500	,MS1,106.78095409,-6.27981935,,367,-82.77,14.42,38216.06,11468.27
L900 (2).gen,2024-12-18 01:57:17.500	,MS1,106.78095257,-6.27981708,,367,-84.67,10.62,31135.49,9164.10
L900 (2).gen,2024-12-18 01:57:18.500	,MS1,106.78095246,-6.27981691,,367,-83.03,10.88,32265.49,10368.99
L900 (2).gen,2024-12-18 01:57:19.500	,MS1,106.78095246,-6.27981691,,367,-82.28,11.94,32261.36,9870.20
L900 (2).gen,2024-12-18 01:57:20.500	,MS1,106.78095246,-6.27981691,,367,-81.34,13.21,33496.93,11040.06
L900 (2).gen,2024-12-18 01:57:21.500	,MS1,106.78095246,-6.27981691,,367,-81.07,14.12,31761.30,10170.88
L900 (2).gen,2024-12-18 01:57:22.500	,MS1,106.78095246,-6.27981691,,367,-81.92,13.38,34539.01,8412.13
L900 (2).gen,2024-12-18 01:57:23.500	,MS1,106.78095246,-6.27981691,,367,-79.90,16.73,35571.22,6836.14
L900 (2).gen,2024-12-18 01:57:24.500	,MS1,106.78095246,-6.27981691,,367,-79.44,16.46,28317.44,8211.13
L900 (2).gen,2024-12-18 01:57:25.500	,MS1,106.78095246,-6.27981691,,367,-80.42,15.58,31468.38,8210.75
L900 (2).gen,2024-12-18 01:57:26.500	,MS1,106.78095246,-6.27981691,,367,-80.11,15.58,22707.65,8022.38
L900 (2).gen,2024-12-18 01:57:27.500	,MS1,106.78094884,-6.27981931,,367,-77.48,16.67,37707.20,14286.85
L900 (2).gen,2024-12-18 01:57:28.500	,MS1,106.78094288,-6.27982899,,367,-80.38,12.40,31700.42,9566.49
L900 (2).gen,2024-12-18 01:57:29.500	,MS1,106.78093539,-6.27985196,,367,-77.71,11.69,31275.32,9920.38
L900 (2).gen,2024-12-18 01:57:30.500	,MS1,106.78093455,-6.27988449,,367,-76.06,11.00,24364.46,9030.63
L900 (2).gen,2024-12-18 01:57:31.500	,MS1,106.78094007,-6.27991758,,367,-78.90,8.00,25424.45,11341.19
L900 (2).gen,2024-12-18 01:57:32.500	,MS1,106.78094526,-6.27995327,,3,-77.65,6.08,18987.83,12619.78
L900 (2).gen,2024-12-18 01:57:33.500	,MS1,106.78095485,-6.27998408,,3,-76.03,8.71,21481.42,21274.43
L900 (2).gen,2024-12-18 01:57:34.500	,MS1,106.78096985,-6.28001889,,3,-75.08,10.04,17333.39,22825.95
L900 (2).gen,2024-12-18 01:57:35.500	,MS1,106.78098698,-6.28005563,,3,-76.22,8.81,25283.86,24357.48
L900 (2).gen,2024-12-18 01:57:36.500	,MS1,106.78100922,-6.28009906,,3,-77.00,8.98,26904.54,24472.19
L900 (2).gen,2024-12-18 01:57:37.500	,MS1,106.78103333,-6.28014263,,3,-75.00,9.77,28031.10,24587.47
L900 (2).gen,2024-12-18 01:57:38.500	,MS1,106.78105711,-6.28018568,,3,-80.25,8.12,28555.64,17912.73
L900 (2).gen,2024-12-18 01:57:39.500	,MS1,106.78108281,-6.28022693,,3,-81.24,7.38,23184.88,12219.01
L900 (2).gen,2024-12-18 01:57:40.500	,MS1,106.78111604,-6.28025944,,3,-81.73,8.67,20539.27,22678.26
L900 (2).gen,2024-12-18 01:57:41.500	,MS1,106.78115952,-6.28028754,,3,-88.71,3.67,17256.86,15459.13
L900 (2).gen,2024-12-18 01:57:42.500	,MS1,106.78121077,-6.28031350,,3,-86.49,6.27,21143.18,15770.60
L900 (2).gen,2024-12-18 01:57:43.500	,MS1,106.78126661,-6.28033495,,3,-89.11,5.69,21723.72,13406.53
L900 (2).gen,2024-12-18 01:57:44.500	,MS1,106.78133417,-6.28035836,,3,-90.01,3.52,17545.22,7726.05
L900 (2).gen,2024-12-18 01:57:45.500	,MS1,106.78139718,-6.28038242,,3,-92.65,0.00,11659.53,7373.17
L900 (2).gen,2024-12-18 01:57:46.500	,MS1,106.78146448,-6.28040546,,3,-91.33,0.25,9733.24,8770.94
L900 (2).gen,2024-12-18 01:57:47.500	,MS1,106.78153190,-6.28042560,,3,-91.24,0.27,10105.28,8623.65
L900 (2).gen,2024-12-18 01:57:48.500	,MS1,106.78159612,-6.28045001,,3,-92.06,0.67,10604.83,9593.18
L900 (2).gen,2024-12-18 01:57:49.500	,MS1,106.78166552,-6.28047734,,158,-91.52,4.08,12961.63,13315.62
L900 (2).gen,2024-12-18 01:57:50.500	,MS1,106.78172629,-6.28050367,,158,-88.10,7.60,19826.27,22958.24
L900 (2).gen,2024-12-18 01:57:51.500	,MS1,106.78179253,-6.28052954,,158,-88.69,8.27,21886.05,25208.66
L900 (2).gen,2024-12-18 01:57:52.500	,MS1,106.78185405,-6.28055446,,158,-87.05,10.29,27388.90,27691.68
L900 (2).gen,2024-12-18 01:57:53.500	,MS1,106.78191879,-6.28057944,,158,-86.10,11.42,18634.66,13870.24
L900 (2).gen,2024-12-18 01:57:54.500	,MS1,106.78198102,-6.28060188,,158,-84.76,11.54,8312.13,16874.98
L900 (2).gen,2024-12-18 01:57:55.500	,MS1,106.78204359,-6.28062429,,158,-82.12,12.92,16379.97,25632.29
L900 (2).gen,2024-12-18 01:57:56.500	,MS1,106.78210070,-6.28064326,,158,-85.24,8.98,13503.49,23832.70
L900 (2).gen,2024-12-18 01:57:57.500	,MS1,106.78214729,-6.28066030,,158,-86.04,11.10,15935.39,30764.17
L900 (2).gen,2024-12-18 01:57:58.500	,MS1,106.78219612,-6.28067904,,158,-88.25,9.81,20982.33,22957.39
L900 (2).gen,2024-12-18 01:57:59.500	,MS1,106.78225368,-6.28070053,,158,-87.22,8.67,22630.43,19585.38
L900 (2).gen,2024-12-18 01:58:00.500	,MS1,106.78231687,-6.28072306,,158,-84.89,10.71,21505.98,21324.37
L900 (2).gen,2024-12-18 01:58:01.500	,MS1,106.78238865,-6.28074776,,158,-84.23,12.60,25004.89,25893.33
L900 (2).gen,2024-12-18 01:58:02.500	,MS1,106.78245938,-6.28077176,,158,-81.18,14.60,36123.15,28666.80
L900 (2).gen,2024-12-18 01:58:03.500	,MS1,106.78253391,-6.28079540,,158,-77.43,16.87,36407.32,21568.96
L900 (2).gen,2024-12-18 01:58:04.500	,MS1,106.78261273,-6.28082026,,158,-71.59,20.25,52293.43,26508.30
L900 (2).gen,2024-12-18 01:58:05.500	,MS1,106.78269256,-6.28084511,,158,-72.01,19.62,40588.24,23769.51
L900 (2).gen,2024-12-18 01:58:06.500	,MS1,106.78276828,-6.28086822,,158,-72.03,19.58,45526.33,25715.88
L900 (2).gen,2024-12-18 01:58:07.500	,MS1,106.78284658,-6.28089346,,158,-70.47,20.19,45098.40,23856.35
L900 (2).gen,2024-12-18 01:58:08.500	,MS1,106.78291900,-6.28091804,,158,-72.11,17.83,41797.50,23298.94
L900 (2).gen,2024-12-18 01:58:09.500	,MS1,106.78298990,-6.28094195,,158,-69.62,21.31,55212.92,27365.59
L900 (2).gen,2024-12-18 01:58:10.500	,MS1,106.78306140,-6.28096617,,158,-66.23,23.48,62491.88,25113.26
L900 (2).gen,2024-12-18 01:58:11.500	,MS1,106.78312973,-6.28099033,,158,-64.18,22.17,57871.92,24432.08
L900 (2).gen,2024-12-18 01:58:12.500	,MS1,106.78319788,-6.28101442,,158,-66.25,21.08,52369.87,22403.20
L900 (2).gen,2024-12-18 01:58:13.500	,MS1,106.78327187,-6.28103909,,158,-65.64,21.29,53455.50,26158.42
L900 (2).gen,2024-12-18 01:58:14.500	,MS1,106.78334375,-6.28106312,,158,-67.40,20.42,47845.63,25137.20
L900 (2).gen,2024-12-18 01:58:15.500	,MS1,106.78342070,-6.28108696,,158,-67.10,19.42,49414.78,20724.53
L900 (2).gen,2024-12-18 01:58:16.500	,MS1,106.78349601,-6.28111210,,158,-68.33,18.46,42067.95,22684.71
L900 (2).gen,2024-12-18 01:58:17.500	,MS1,106.78356638,-6.28113583,,158,-71.67,15.60,40537.50,27119.52
L900 (2).gen,2024-12-18 01:58:18.500	,MS1,106.78363181,-6.28115866,,158,-66.80,18.25,52477.95,25461.78
L900 (2).gen,2024-12-18 01:58:19.500	,MS1,106.78369240,-6.28117994,,158,-65.73,20.62,53888.35,25258.80
L900 (2).gen,2024-12-18 01:58:20.500	,MS1,106.78374767,-6.28119832,,158,-67.67,17.65,39082.19,21796.17
L900 (2).gen,2024-12-18 01:58:21.500	,MS1,106.78380015,-6.28121568,,158,-68.49,16.69,38737.25,26693.92
L900 (2).gen,2024-12-18 01:58:22.500	,MS1,106.78384697,-6.28123179,,158,-64.03,17.21,43222.14,23476.26
L900 (2).gen,2024-12-18 01:58:23.500	,MS1,106.78388322,-6.28124454,,158,-60.54,15.63,38728.24,19850.32
L900 (2).gen,2024-12-18 01:58:24.500	,MS1,106.78391310,-6.28125387,,158,-60.19,13.46,31029.72,22660.71
L900 (2).gen,2024-12-18 01:58:25.500	,MS1,106.78393321,-6.28126189,,158,-63.12,13.52,29389.32,25939.86
L900 (2).gen,2024-12-18 01:58:26.500	,MS1,106.78395104,-6.28126623,,158,-61.99,13.52,31390.88,23768.13
L900 (2).gen,2024-12-18 01:58:27.500	,MS1,106.78397279,-6.28126499,,158,-63.18,13.08,23945.81,23848.92
L900 (2).gen,2024-12-18 01:58:28.500	,MS1,106.78399538,-6.28125432,,158,-67.46,11.38,23505.87,18382.03
L900 (2).gen,2024-12-18 01:58:29.500	,MS1,106.78401750,-6.28123117,,158,-69.77,3.00,15749.25,17025.12
L900 (2).gen,2024-12-18 01:58:30.500	,MS1,106.78403892,-6.28119262,,93,-63.51,10.21,21640.77,27676.67
L900 (2).gen,2024-12-18 01:58:31.500	,MS1,106.78405259,-6.28114103,,93,-69.23,13.06,25580.63,28136.70
L900 (2).gen,2024-12-18 01:58:32.500	,MS1,106.78406371,-6.28108467,,93,-70.32,12.92,29633.38,21294.93
L900 (2).gen,2024-12-18 01:58:33.500	,MS1,106.78407811,-6.28102564,,93,-70.21,16.23,26254.58,23196.68
L900 (2).gen,2024-12-18 01:58:34.500	,MS1,106.78409456,-6.28096079,,93,-69.44,18.00,33540.19,31079.46
L900 (2).gen,2024-12-18 01:58:35.500	,MS1,106.78411070,-6.28090300,,93,-68.12,18.48,32889.79,16754.90
L900 (2).gen,2024-12-18 01:58:36.500	,MS1,106.78412400,-6.28084593,,93,-69.88,17.62,33151.15,23457.30
L900 (2).gen,2024-12-18 01:58:37.500	,MS1,106.78413966,-6.28078679,,93,-68.04,22.23,38674.39,24441.54
L900 (2).gen,2024-12-18 01:58:38.500	,MS1,106.78415371,-6.28073149,,93,-68.91,23.46,36652.66,26856.02
L900 (2).gen,2024-12-18 01:58:39.500	,MS1,106.78416830,-6.28067305,,93,-69.44,21.96,39540.63,23296.80
L900 (2).gen,2024-12-18 01:58:40.500	,MS1,106.78418539,-6.28061355,,93,-65.94,22.79,38298.57,22414.47
L900 (2).gen,2024-12-18 01:58:41.500	,MS1,106.78420189,-6.28055812,,93,-64.22,23.98,41796.77,24056.48
L900 (2).gen,2024-12-18 01:58:42.500	,MS1,106.78421908,-6.28049937,,93,-67.18,22.06,32006.40,22203.38
L900 (2).gen,2024-12-18 01:58:43.500	,MS1,106.78423723,-6.28043825,,93,-69.20,20.15,32779.64,22412.62
L900 (2).gen,2024-12-18 01:58:44.500	,MS1,106.78425597,-6.28037827,,93,-70.80,19.06,31984.37,24218.17
L900 (2).gen,2024-12-18 01:58:45.500	,MS1,106.78427513,-6.28031643,,93,-73.14,18.33,34910.88,21916.49
L900 (2).gen,2024-12-18 01:58:46.500	,MS1,106.78429511,-6.28025248,,93,-74.06,19.25,33872.81,26123.91
L900 (2).gen,2024-12-18 01:58:47.500	,MS1,106.78431303,-6.28019311,,93,-72.91,22.83,36014.94,23433.48
L900 (2).gen,2024-12-18 01:58:48.500	,MS1,106.78433534,-6.28012507,,93,-75.82,21.29,38439.49,20748.16
L900 (2).gen,2024-12-18 01:58:49.500	,MS1,106.78435731,-6.28006044,,93,-76.91,21.35,38248.49,25389.97
L900 (2).gen,2024-12-18 01:58:50.500	,MS1,106.78437900,-6.27999632,,93,-77.36,20.02,35406.91,23008.48
L900 (2).gen,2024-12-18 01:58:51.500	,MS1,106.78440402,-6.27992942,,93,-77.84,17.54,28879.05,16974.19
L900 (2).gen,2024-12-18 01:58:52.500	,MS1,106.78442810,-6.27986793,,93,-79.90,14.15,19966.94,20094.27
L900 (2).gen,2024-12-18 01:58:53.500	,MS1,106.78445278,-6.27980357,,93,-79.00,15.00,22594.62,21544.15
L900 (2).gen,2024-12-18 01:58:54.500	,MS1,106.78447889,-6.27973600,,93,-80.70,13.40,18745.50,17235.63
L900 (2).gen,2024-12-18 01:58:55.500	,MS1,106.78450779,-6.27967180,,93,-81.24,15.46,26995.37,22628.35
L900 (2).gen,2024-12-18 01:58:56.500	,MS1,106.78453727,-6.27960332,,93,-81.96,14.54,23135.36,12224.99
L900 (2).gen,2024-12-18 01:58:57.500	,MS1,106.78456947,-6.27953732,,93,-84.10,12.33,19459.07,12518.99
L900 (2).gen,2024-12-18 01:58:58.500	,MS1,106.78460122,-6.27947106,,93,-86.06,13.31,21212.74,17437.32
L900 (2).gen,2024-12-18 01:58:59.500	,MS1,106.78462952,-6.27940875,,93,-87.95,9.90,18184.22,15506.29
L900 (2).gen,2024-12-18 01:59:00.500	,MS1,106.78466043,-6.27934284,,93,-86.31,12.19,18146.18,16187.40
L900 (2).gen,2024-12-18 01:59:01.500	,MS1,106.78469153,-6.27927838,,93,-85.31,12.21,20344.96,14754.88
L900 (2).gen,2024-12-18 01:59:02.500	,MS1,106.78472095,-6.27921771,,93,-85.50,10.71,16797.35,11392.80
L900 (2).gen,2024-12-18 01:59:03.500	,MS1,106.78475223,-6.27914926,,93,-86.69,10.23,16326.03,8955.80
L900 (2).gen,2024-12-18 01:59:04.500	,MS1,106.78478058,-6.27908599,,93,-88.50,10.54,17504.42,10595.08
L900 (2).gen,2024-12-18 01:59:05.500	,MS1,106.78481193,-6.27902445,,93,-88.77,9.63,17873.36,11936.64
L900 (2).gen,2024-12-18 01:59:06.500	,MS1,106.78484688,-6.27895926,,93,-89.36,7.31,16112.17,12584.46
L900 (2).gen,2024-12-18 01:59:07.500	,MS1,106.78487966,-6.27890002,,93,-88.82,7.29,12311.09,10510.17
L900 (2).gen,2024-12-18 01:59:08.500	,MS1,106.78491449,-6.27883776,,93,-90.57,5.83,8887.88,7859.52
L900 (2).gen,2024-12-18 01:59:09.500	,MS1,106.78494840,-6.27877737,,93,-91.08,4.12,10326.92,11767.14
L900 (2).gen,2024-12-18 01:59:10.500	,MS1,106.78498608,-6.27870772,,93,-90.30,2.65,10501.93,10728.21
L900 (2).gen,2024-12-18 01:59:11.500	,MS1,106.78502189,-6.27864437,,93,-91.06,2.44,10948.35,10136.67
L900 (2).gen,2024-12-18 01:59:12.500	,MS1,106.78505634,-6.27858112,,93,-91.97,2.60,8092.26,6485.18
L900 (2).gen,2024-12-18 01:59:13.500	,MS1,106.78509265,-6.27851769,,93,-94.00,2.54,7242.17,8071.76
L900 (2).gen,2024-12-18 01:59:14.500	,MS1,106.78513526,-6.27845138,,93,-93.17,1.85,6832.03,11075.93
L900 (2).gen,2024-12-18 01:59:15.500	,MS1,106.78517617,-6.27838773,,93,-94.50,0.96,9619.94,7317.27
L900 (2).gen,2024-12-18 01:59:16.500	,MS1,106.78521901,-6.27832455,,93,-93.33,2.87,10943.68,5741.46
L900 (2).gen,2024-12-18 01:59:17.500	,MS1,106.78526877,-6.27825986,,93,-95.88,-1.73,8507.30,7013.34
L900 (2).gen,2024-12-18 01:59:18.500	,MS1,106.78531579,-6.27819918,,93,-94.01,-0.19,7510.51,4110.62
L900 (2).gen,2024-12-18 01:59:19.500	,MS1,106.78536392,-6.27813866,,24,-93.17,1.02,8634.75,8075.68
L900 (2).gen,2024-12-18 01:59:20.500	,MS1,106.78540840,-6.27808536,,24,-89.06,5.17,10924.26,8651.74
L900 (2).gen,2024-12-18 01:59:21.500	,MS1,106.78545329,-6.27802775,,24,-89.63,4.73,9673.85,9265.97
L900 (2).gen,2024-12-18 01:59:22.500	,MS1,106.78549689,-6.27796894,,24,-90.73,5.06,3768.58,6394.43
L900 (2).gen,2024-12-18 01:59:23.500	,MS1,106.78553677,-6.27791189,,24,-92.78,4.02,10222.77,16117.45
L900 (2).gen,2024-12-18 01:59:24.500	,MS1,106.78557840,-6.27785847,,24,-93.17,2.81,6639.65,5425.81
L900 (2).gen,2024-12-18 01:59:25.500	,MS1,106.78562565,-6.27780158,,24,-92.88,3.02,8123.14,9934.32
L900 (2).gen,2024-12-18 01:59:26.500	,MS1,106.78566866,-6.27775524,,24,-94.48,3.46,9301.22,10377.89
L900 (2).gen,2024-12-18 01:59:27.500	,MS1,106.78571906,-6.27770098,,24,-93.18,4.21,11093.96,11915.70
L900 (2).gen,2024-12-18 01:59:28.500	,MS1,106.78576621,-6.27764586,,24,-92.31,4.65,9757.58,7910.34
L900 (2).gen,2024-12-18 01:59:29.500	,MS1,106.78580910,-6.27758844,,24,-91.63,7.52,10089.99,13508.53
L900 (2).gen,2024-12-18 01:59:30.500	,MS1,106.78585727,-6.27752749,,24,-91.64,9.23,13396.79,16115.51
L900 (2).gen,2024-12-18 01:59:31.500	,MS1,106.78590594,-6.27746645,,24,-91.65,9.15,17921.41,16681.02
L900 (2).gen,2024-12-18 01:59:32.500	,MS1,106.78595253,-6.27741036,,24,-90.36,10.62,14648.95,11125.69
L900 (2).gen,2024-12-18 01:59:33.500	,MS1,106.78600114,-6.27735441,,24,-89.11,12.31,22716.00,22220.97
L900 (2).gen,2024-12-18 01:59:34.500	,MS1,106.78604898,-6.27729878,,24,-88.88,11.83,16551.13,16103.02
L900 (2).gen,2024-12-18 01:59:35.500	,MS1,106.78609291,-6.27724531,,24,-83.14,15.96,30239.58,28036.76
L900 (2).gen,2024-12-18 01:59:36.500	,MS1,106.78613580,-6.27719204,,24,-80.92,15.67,22993.18,14315.46
L900 (2).gen,2024-12-18 01:59:37.500	,MS1,106.78617390,-6.27714463,,24,-81.33,14.83,30546.93,26138.37
L900 (2).gen,2024-12-18 01:59:38.500	,MS1,106.78620888,-6.27710164,,24,-85.83,11.87,19051.61,17448.21
L900 (2).gen,2024-12-18 01:59:39.500	,MS1,106.78624221,-6.27705870,,24,-85.01,12.79,27204.70,24200.54
L900 (2).gen,2024-12-18 01:59:40.500	,MS1,106.78627063,-6.27702360,,24,-84.97,12.31,19093.92,16992.74
L900 (2).gen,2024-12-18 01:59:41.500	,MS1,106.78629650,-6.27698844,,24,-87.66,9.54,20706.75,21720.80
L900 (2).gen,2024-12-18 01:59:42.500	,MS1,106.78631250,-6.27695465,,24,-88.01,8.92,15797.65,14810.47
L900 (2).gen,2024-12-18 01:59:43.500	,MS1,106.78631715,-6.27692201,,24,-90.36,5.29,15564.27,17403.18
L900 (2).gen,2024-12-18 01:59:44.500	,MS1,106.78630961,-6.27688897,,24,-91.71,5.65,11456.70,10535.27
L900 (2).gen,2024-12-18 01:59:45.500	,MS1,106.78628691,-6.27686049,,24,-91.56,4.96,13735.44,19631.47
L900 (2).gen,2024-12-18 01:59:46.500	,MS1,106.78624500,-6.27683709,,24,-92.49,4.81,12107.49,14742.49
L900 (2).gen,2024-12-18 01:59:47.500	,MS1,106.78619722,-6.27681335,,24,-94.00,4.65,11562.06,17391.98
L900 (2).gen,2024-12-18 01:59:48.500	,MS1,106.78613723,-6.27678578,,24,-95.00,4.15,10587.33,8979.39
L900 (2).gen,2024-12-18 01:59:49.500	,MS1,106.78608040,-6.27675855,,24,-93.99,5.33,10935.19,13539.06
L900 (2).gen,2024-12-18 01:59:50.500	,MS1,106.78602464,-6.27673068,,24,-94.54,3.35,10577.01,11904.90
L900 (2).gen,2024-12-18 01:59:51.500	,MS1,106.78596645,-6.27669856,,24,-91.96,4.50,11754.09,14055.62
L900 (2).gen,2024-12-18 01:59:52.500	,MS1,106.78591150,-6.27666455,,24,-91.24,3.71,8921.19,12370.35
L900 (2).gen,2024-12-18 01:59:53.500	,MS1,106.78585231,-6.27663000,,24,-92.38,1.73,7197.02,12050.78
L900 (2).gen,2024-12-18 01:59:54.500	,MS1,106.78579471,-6.27659662,,24,-95.35,1.10,8337.63,15444.26
L900 (2).gen,2024-12-18 01:59:55.500	,MS1,106.78573770,-6.27656368,,24,-96.62,3.08,8895.55,12449.82
L900 (2).gen,2024-12-18 01:59:56.500	,MS1,106.78568179,-6.27652991,,24,-98.21,3.46,9315.55,11856.06
L900 (2).gen,2024-12-18 01:59:57.500	,MS1,106.78562980,-6.27649768,,24,-100.34,2.42,9888.61,8396.12
L900 (2).gen,2024-12-18 01:59:58.500	,MS1,106.78557359,-6.27646214,,24,-100.59,2.31,10381.59,7134.53
L900 (2).gen,2024-12-18 01:59:59.500	,MS1,106.78551525,-6.27642629,,24,-101.36,0.31,8015.49,6475.21
L900 (2).gen,2024-12-18 02:00:00.500	,MS1,106.78545912,-6.27638770,,24,-102.34,-1.00,6680.45,6598.66
L900 (2).gen,2024-12-18 02:00:01.500	,MS1,106.78541180,-6.27635113,,24,-101.72,-1.48,4157.76,4145.49
L900 (2).gen,2024-12-18 02:00:02.500	,MS1,106.78535450,-6.27630523,,24,-100.42,-1.94,2821.77,5114.02
L900 (2).gen,2024-12-18 02:00:03.500	,MS1,106.78530547,-6.27626249,,24,-100.33,-2.33,3288.85,6816.32
L900 (2).gen,2024-12-18 02:00:04.500	,MS1,106.78525396,-6.27621739,,24,-102.09,-3.69,2733.67,5259.65
L900 (2).gen,2024-12-18 02:00:05.500	,MS1,106.78520256,-6.27616893,,24,-101.58,-4.06,2505.28,5979.97
L900 (2).gen,2024-12-18 02:00:06.500	,MS1,106.78515102,-6.27612302,,25,-98.31,-2.31,3538.75,10097.06
L900 (2).gen,2024-12-18 02:00:07.500	,MS1,106.78510170,-6.27608065,,25,-93.23,1.40,7983.81,14980.45
L900 (2).gen,2024-12-18 02:00:08.500	,MS1,106.78505824,-6.27604450,,503,-88.11,7.29,12101.21,10642.43
L900 (2).gen,2024-12-18 02:00:09.500	,MS1,106.78500355,-6.27599693,,503,-89.94,7.52,14606.85,5232.67
L900 (2).gen,2024-12-18 02:00:10.500	,MS1,106.78495188,-6.27594938,,503,-92.86,4.69,11565.52,5441.53
L900 (2).gen,2024-12-18 02:00:11.500	,MS1,106.78490318,-6.27590472,,503,-93.47,3.79,11360.22,7156.80
L900 (2).gen,2024-12-18 02:00:12.500	,MS1,106.78485412,-6.27585844,,503,-96.30,1.67,7326.30,6353.26
L900 (2).gen,2024-12-18 02:00:13.500	,MS1,106.78480026,-6.27580739,,503,-94.68,2.54,3267.81,5227.72
L900 (2).gen,2024-12-18 02:00:14.500	,MS1,106.78475143,-6.27576134,,25,-93.91,0.00,5465.56,9632.17
L900 (2).gen,2024-12-18 02:00:15.500	,MS1,106.78469603,-6.27570797,,503,-92.50,3.94,7945.57,13134.21
L900 (2).gen,2024-12-18 02:00:16.500	,MS1,106.78464689,-6.27565767,,503,-92.08,4.65,12511.53,9333.26
L900 (2).gen,2024-12-18 02:00:17.500	,MS1,106.78459545,-6.27560608,,503,-89.20,3.13,11735.75,10587.28
L900 (2).gen,2024-12-18 02:00:18.500	,MS1,106.78454207,-6.27555426,,503,-87.60,8.02,14838.24,17283.28
L900 (2).gen,2024-12-18 02:00:19.500	,MS1,106.78448967,-6.27550390,,503,-87.38,7.21,13993.00,15668.50
L900 (2).gen,2024-12-18 02:00:20.500	,MS1,106.78443823,-6.27545506,,503,-92.14,4.73,12946.10,11096.16
L900 (2).gen,2024-12-18 02:00:21.500	,MS1,106.78438394,-6.27540167,,503,-93.24,4.71,11493.93,13138.63
L900 (2).gen,2024-12-18 02:00:22.500	,MS1,106.78433581,-6.27535364,,503,-90.88,4.56,4380.83,6409.82
L900 (2).gen,2024-12-18 02:00:23.500	,MS1,106.78428386,-6.27530255,,489,-89.22,4.54,13043.14,24828.39
L900 (2).gen,2024-12-18 02:00:24.500	,MS1,106.78424124,-6.27526000,,489,-82.42,8.29,19857.47,20958.39
L900 (2).gen,2024-12-18 02:00:25.500	,MS1,106.78419317,-6.27521436,,489,-80.17,10.88,24901.28,23796.59
L900 (2).gen,2024-12-18 02:00:26.500	,MS1,106.78415140,-6.27517680,,489,-82.45,8.33,22537.07,16714.42
L900 (2).gen,2024-12-18 02:00:27.500	,MS1,106.78411333,-6.27514517,,489,-86.83,8.04,20870.04,12480.48
L900 (2).gen,2024-12-18 02:00:28.500	,MS1,106.78408039,-6.27511854,,489,-88.07,6.98,19267.01,15578.39
L900 (2).gen,2024-12-18 02:00:29.500	,MS1,106.78405998,-6.27510349,,489,-84.17,7.65,19789.63,15333.12
L900 (2).gen,2024-12-18 02:00:30.500	,MS1,106.78404381,-6.27509332,,489,-84.50,8.52,20103.67,17302.44
L900 (2).gen,2024-12-18 02:00:31.500	,MS1,106.78402878,-6.27508245,,489,-88.78,5.02,19202.59,15675.26
L900 (2).gen,2024-12-18 02:00:32.500	,MS1,106.78401224,-6.27507012,,489,-86.87,2.44,15365.07,16502.94
L900 (2).gen,2024-12-18 02:00:33.500	,MS1,106.78398197,-6.27505295,,489,-84.32,8.42,21193.88,23085.67
L900 (2).gen,2024-12-18 02:00:34.500	,MS1,106.78394759,-6.27502592,,489,-84.35,7.94,19448.32,24194.75
L900 (2).gen,2024-12-18 02:00:35.500	,MS1,106.78390374,-6.27499615,,489,-85.81,8.08,21304.64,19256.42
L900 (2).gen,2024-12-18 02:00:36.500	,MS1,106.78385950,-6.27496187,,489,-88.23,5.31,16127.33,16191.26
L900 (2).gen,2024-12-18 02:00:37.500	,MS1,106.78381561,-6.27493107,,489,-85.89,7.27,20217.89,21753.22
L900 (2).gen,2024-12-18 02:00:38.500	,MS1,106.78376701,-6.27490191,,489,-82.79,9.63,19749.72,22982.97
L900 (2).gen,2024-12-18 02:00:39.500	,MS1,106.78372035,-6.27487436,,489,-77.92,13.83,27110.91,25276.71
L900 (2).gen,2024-12-18 02:00:40.500	,MS1,106.78367274,-6.27485110,,489,-77.33,14.56,16361.19,14279.05
L900 (2).gen,2024-12-18 02:00:41.500	,MS1,106.78362259,-6.27483241,,489,-82.09,10.25,24089.32,26626.01
L900 (2).gen,2024-12-18 02:00:42.500	,MS1,106.78356869,-6.27481219,,489,-84.35,8.62,21398.88,21171.35
L900 (2).gen,2024-12-18 02:00:43.500	,MS1,106.78351742,-6.27479408,,489,-85.46,8.48,18775.99,19679.74
L900 (2).gen,2024-12-18 02:00:44.500	,MS1,106.78346639,-6.27477778,,489,-88.03,6.69,16522.43,17547.49
L900 (2).gen,2024-12-18 02:00:45.500	,MS1,106.78341445,-6.27476320,,489,-85.30,9.90,22236.54,21988.75
L900 (2).gen,2024-12-18 02:00:46.500	,MS1,106.78335978,-6.27475063,,489,-80.29,12.71,23032.09,18610.60
L900 (2).gen,2024-12-18 02:00:47.500	,MS1,106.78329931,-6.27473706,,489,-79.38,12.38,21670.21,18709.78
L900 (2).gen,2024-12-18 02:00:48.500	,MS1,106.78323799,-6.27472001,,489,-81.64,9.65,14859.08,21681.92
L900 (2).gen,2024-12-18 02:00:49.500	,MS1,106.78317740,-6.27470123,,489,-83.60,6.75,13657.34,20980.94
L900 (2).gen,2024-12-18 02:00:50.500	,MS1,106.78311730,-6.27468525,,489,-86.89,3.31,11459.02,16177.19
L900 (2).gen,2024-12-18 02:00:51.500	,MS1,106.78305738,-6.27466879,,489,-89.08,1.19,9452.64,13933.86
L900 (2).gen,2024-12-18 02:00:52.500	,MS1,106.78299957,-6.27465486,,489,-90.23,-0.71,9648.72,16010.35
L900 (2).gen,2024-12-18 02:00:53.500	,MS1,106.78294538,-6.27464291,,489,-93.20,-0.10,10340.93,15198.75
L900 (2).gen,2024-12-18 02:00:54.500	,MS1,106.78289175,-6.27463090,,489,-95.15,-1.40,8346.43,8196.16
L900 (2).gen,2024-12-18 02:00:55.500	,MS1,106.78283738,-6.27461713,,489,-94.40,-1.21,7142.95,10466.50
L900 (2).gen,2024-12-18 02:00:56.500	,MS1,106.78278855,-6.27460515,,25,-93.01,-1.58,8192.64,16923.95
L900 (2).gen,2024-12-18 02:00:57.500	,MS1,106.78273976,-6.27459252,,25,-93.23,-2.38,4238.89,9585.27
L900 (2).gen,2024-12-18 02:00:58.500	,MS1,106.78269060,-6.27457797,,25,-92.79,-1.02,5012.83,21431.71
L900 (2).gen,2024-12-18 02:00:59.500	,MS1,106.78264600,-6.27456513,,25,-94.23,-2.77,4054.40,16946.66
L900 (2).gen,2024-12-18 02:01:00.500	,MS1,106.78260292,-6.27455254,,25,-94.09,-3.88,4720.50,25443.11
L900 (2).gen,2024-12-18 02:01:01.500	,MS1,106.78256732,-6.27454281,,25,-95.17,-6.12,3198.88,18834.05
L900 (2).gen,2024-12-18 02:01:02.500	,MS1,106.78253044,-6.27453318,,25,-96.72,-7.48,1619.88,17112.79
L900 (2).gen,2024-12-18 02:01:03.500	,MS1,106.78250018,-6.27452876,,503,-94.28,-2.42,5821.43,16777.41
L900 (2).gen,2024-12-18 02:01:04.500	,MS1,106.78247521,-6.27453076,,503,-93.44,-1.65,7571.07,7964.58
L900 (2).gen,2024-12-18 02:01:05.500	,MS1,106.78245515,-6.27453702,,394,-88.84,0.33,7256.51,7068.35
L900 (2).gen,2024-12-18 02:01:06.500	,MS1,106.78244457,-6.27454208,,394,-83.21,8.33,17161.07,34354.16
L900 (2).gen,2024-12-18 02:01:07.500	,MS1,106.78243655,-6.27454663,,394,-82.16,8.13,18679.75,22433.67
L900 (2).gen,2024-12-18 02:01:08.500	,MS1,106.78242839,-6.27455555,,394,-84.23,7.17,9433.34,12775.62
L900 (2).gen,2024-12-18 02:01:09.500	,MS1,106.78241926,-6.27457119,,394,-83.82,6.75,12803.14,26749.57
L900 (2).gen,2024-12-18 02:01:10.500	,MS1,106.78240932,-6.27459502,,394,-85.83,5.48,11859.25,25381.45
L900 (2).gen,2024-12-18 02:01:11.500	,MS1,106.78239844,-6.27463274,,394,-88.23,2.71,9663.71,18014.76
L900 (2).gen,2024-12-18 02:01:12.500	,MS1,106.78238880,-6.27467793,,394,-89.01,-1.83,5415.71,12454.65
L900 (2).gen,2024-12-18 02:01:13.500	,MS1,106.78237768,-6.27473769,,394,-90.27,-0.06,6022.56,20644.39
L900 (2).gen,2024-12-18 02:01:14.500	,MS1,106.78236770,-6.27479310,,411,-88.45,2.16,11419.59,22934.12
L900 (2).gen,2024-12-18 02:01:15.500	,MS1,106.78235875,-6.27484039,,411,-86.89,0.23,13271.20,26519.88
L900 (2).gen,2024-12-18 02:01:16.500	,MS1,106.78234707,-6.27488987,,411,-86.25,0.00,16361.99,30395.18
L900 (2).gen,2024-12-18 02:01:17.500	,MS1,106.78233372,-6.27494254,,411,-83.24,1.54,21266.29,27062.89
L900 (2).gen,2024-12-18 02:01:18.500	,MS1,106.78232054,-6.27499569,,411,-83.36,1.10,20592.75,27138.98
L900 (2).gen,2024-12-18 02:01:19.500	,MS1,106.78230526,-6.27505732,,411,-80.64,-1.17,14100.68,20660.55
L900 (2).gen,2024-12-18 02:01:20.500	,MS1,106.78229086,-6.27511712,,489,-83.66,1.44,11809.57,22073.40
L900 (2).gen,2024-12-18 02:01:21.500	,MS1,106.78227890,-6.27517559,,411,-81.17,6.02,20115.69,27244.08
L900 (2).gen,2024-12-18 02:01:22.500	,MS1,106.78226556,-6.27523408,,411,-81.42,3.00,22454.13,29197.42
L900 (2).gen,2024-12-18 02:01:23.500	,MS1,106.78225216,-6.27529986,,411,-80.49,4.06,26719.23,34363.72
L900 (2).gen,2024-12-18 02:01:24.500	,MS1,106.78223421,-6.27536509,,411,-79.64,4.98,26065.79,29449.59
L900 (2).gen,2024-12-18 02:01:25.500	,MS1,106.78221304,-6.27543336,,411,-79.93,4.94,20825.90,21201.18
L900 (2).gen,2024-12-18 02:01:26.500	,MS1,106.78219351,-6.27550431,,411,-81.38,3.88,21098.63,25706.19
L900 (2).gen,2024-12-18 02:01:27.500	,MS1,106.78217418,-6.27557736,,411,-78.70,9.67,31437.34,31776.00
L900 (2).gen,2024-12-18 02:01:28.500	,MS1,106.78215263,-6.27565299,,411,-78.01,9.83,36119.09,31350.46
L900 (2).gen,2024-12-18 02:01:29.500	,MS1,106.78213032,-6.27572681,,411,-78.88,9.40,41477.73,33022.15
L900 (2).gen,2024-12-18 02:01:30.500	,MS1,106.78210667,-6.27580580,,411,-80.91,5.77,32940.53,24753.90
L900 (2).gen,2024-12-18 02:01:31.500	,MS1,106.78208527,-6.27588040,,411,-80.61,7.21,36105.25,33244.41
L900 (2).gen,2024-12-18 02:01:32.500	,MS1,106.78206457,-6.27595665,,411,-77.63,9.12,39995.04,30876.45
L900 (2).gen,2024-12-18 02:01:33.500	,MS1,106.78204261,-6.27603773,,411,-79.58,9.27,31039.42,29015.36
L900 (2).gen,2024-12-18 02:01:34.500	,MS1,106.78202355,-6.27611222,,411,-80.54,8.04,30410.46,30949.98
L900 (2).gen,2024-12-18 02:01:35.500	,MS1,106.78200473,-6.27618478,,411,-79.35,9.10,30052.12,33616.45
L900 (2).gen,2024-12-18 02:01:36.500	,MS1,106.78198473,-6.27625956,,411,-74.10,13.40,41056.05,31794.29
L900 (2).gen,2024-12-18 02:01:37.500	,MS1,106.78196457,-6.27633356,,411,-76.24,12.83,36432.29,29627.23
L900 (2).gen,2024-12-18 02:01:38.500	,MS1,106.78194518,-6.27640775,,411,-77.04,12.75,41772.82,31141.28
L900 (2).gen,2024-12-18 02:01:39.500	,MS1,106.78192493,-6.27648270,,411,-73.79,14.48,41941.86,29116.74
L900 (2).gen,2024-12-18 02:01:40.500	,MS1,106.78190349,-6.27656017,,411,-72.35,14.73,46542.23,30708.33
L900 (2).gen,2024-12-18 02:01:41.500	,MS1,106.78188262,-6.27663294,,411,-72.43,13.62,44402.71,32284.03
L900 (2).gen,2024-12-18 02:01:42.500	,MS1,106.78186216,-6.27670349,,411,-71.93,14.44,47301.70,32351.59
L900 (2).gen,2024-12-18 02:01:43.500	,MS1,106.78184612,-6.27677006,,411,-72.81,14.29,40523.20,24031.27
L900 (2).gen,2024-12-18 02:01:44.500	,MS1,106.78183168,-6.27683193,,411,-73.48,13.79,43198.81,31832.95
L900 (2).gen,2024-12-18 02:01:45.500	,MS1,106.78181697,-6.27689910,,411,-72.66,12.83,39570.29,29673.29
L900 (2).gen,2024-12-18 02:01:46.500	,MS1,106.78180388,-6.27695821,,411,-69.71,14.83,41262.60,32796.45
L900 (2).gen,2024-12-18 02:01:47.500	,MS1,106.78178919,-6.27702432,,411,-69.42,14.15,38817.57,29435.61
L900 (2).gen,2024-12-18 02:01:48.500	,MS1,106.78177224,-6.27708279,,411,-68.89,14.62,43012.78,31183.90
L900 (2).gen,2024-12-18 02:01:49.500	,MS1,106.78175575,-6.27713651,,411,-69.27,10.33,34840.30,30004.33
L900 (2).gen,2024-12-18 02:01:50.500	,MS1,106.78174074,-6.27718614,,411,-66.85,9.27,36881.14,30263.00
L900 (2).gen,2024-12-18 02:01:51.500	,MS1,106.78172516,-6.27723852,,411,-62.58,11.04,40573.01,35816.09
L900 (2).gen,2024-12-18 02:01:52.500	,MS1,106.78171268,-6.27728607,,411,-61.18,12.73,51201.93,29683.89
L900 (2).gen,2024-12-18 02:01:53.500	,MS1,106.78169728,-6.27734685,,411,-62.11,10.96,44773.13,28840.10
L900 (2).gen,2024-12-18 02:01:54.500	,MS1,106.78168398,-6.27740247,,411,-66.23,9.31,40571.01,31156.26
L900 (2).gen,2024-12-18 02:01:55.500	,MS1,106.78167179,-6.27745534,,411,-63.99,10.33,36882.53,35046.53
L900 (2).gen,2024-12-18 02:01:56.500	,MS1,106.78166057,-6.27750441,,411,-61.77,13.92,46629.50,30225.41
L900 (2).gen,2024-12-18 02:01:57.500	,MS1,106.78164887,-6.27755125,,411,-59.59,15.12,42653.22,29789.47
L900 (2).gen,2024-12-18 02:01:58.500	,MS1,106.78163918,-6.27759192,,411,-56.95,16.71,42913.34,31168.54
L900 (2).gen,2024-12-18 02:01:59.500	,MS1,106.78162999,-6.27763153,,411,-55.52,11.08,32384.83,31135.74
L900 (2).gen,2024-12-18 02:02:00.500	,MS1,106.78162125,-6.27766529,,411,-60.54,6.46,29234.31,27891.01
L900 (2).gen,2024-12-18 02:02:01.500	,MS1,106.78161275,-6.27769763,,411,-62.40,6.33,37447.20,32820.51
L900 (2).gen,2024-12-18 02:02:02.500	,MS1,106.78160284,-6.27773186,,411,-64.93,6.69,22308.70,22913.28
L900 (2).gen,2024-12-18 02:02:03.500	,MS1,106.78159390,-6.27776431,,367,-62.23,15.02,28888.92,15197.63
L900 (2).gen,2024-12-18 02:02:04.500	,MS1,106.78158322,-6.27779994,,367,-61.65,16.50,40769.18,10346.04
L900 (2).gen,2024-12-18 02:02:05.500	,MS1,106.78156997,-6.27784323,,367,-60.76,19.90,46638.57,10264.97
L900 (2).gen,2024-12-18 02:02:06.500	,MS1,106.78155413,-6.27789257,,367,-62.82,19.52,48118.43,11601.12
L900 (2).gen,2024-12-18 02:02:07.500	,MS1,106.78153584,-6.27795357,,367,-63.12,21.12,48749.00,11305.90
L900 (2).gen,2024-12-18 02:02:08.500	,MS1,106.78151883,-6.27801501,,367,-63.20,23.08,50434.37,11550.89
L900 (2).gen,2024-12-18 02:02:09.500	,MS1,106.78149800,-6.27808637,,367,-63.94,21.46,48684.30,10262.20
L900 (2).gen,2024-12-18 02:02:10.500	,MS1,106.78147907,-6.27815472,,367,-67.15,23.08,50836.26,7900.84
L900 (2).gen,2024-12-18 02:02:11.500	,MS1,106.78146140,-6.27821898,,367,-66.53,23.33,49171.77,9437.15
L900 (2).gen,2024-12-18 02:02:12.500	,MS1,106.78144505,-6.27828335,,367,-64.68,23.73,50666.95,10728.63
L900 (2).gen,2024-12-18 02:02:13.500	,MS1,106.78142922,-6.27834372,,367,-62.47,25.83,54868.10,11312.57
L900 (2).gen,2024-12-18 02:02:14.500	,MS1,106.78141356,-6.27840187,,367,-63.06,24.21,57690.82,9367.74
L900 (2).gen,2024-12-18 02:02:15.500	,MS1,106.78139656,-6.27846515,,367,-64.31,21.96,57506.65,9829.67
L900 (2).gen,2024-12-18 02:02:16.500	,MS1,106.78137878,-6.27852891,,367,-63.94,21.62,50446.45,9235.36
L900 (2).gen,2024-12-18 02:02:17.500	,MS1,106.78136098,-6.27859143,,367,-68.15,22.42,50548.11,8733.76
L900 (2).gen,2024-12-18 02:02:18.500	,MS1,106.78134203,-6.27865682,,367,-72.19,21.08,47253.67,9790.62
L900 (2).gen,2024-12-18 02:02:19.500	,MS1,106.78132064,-6.27872590,,367,-73.60,21.69,49294.13,9549.72
L900 (2).gen,2024-12-18 02:02:20.500	,MS1,106.78130055,-6.27879320,,367,-73.04,21.29,48576.16,7733.34
L900 (2).gen,2024-12-18 02:02:21.500	,MS1,106.78127740,-6.27886719,,367,-75.54,19.77,45585.20,10034.96
L900 (2).gen,2024-12-18 02:02:22.500	,MS1,106.78125379,-6.27893896,,367,-73.22,20.60,56748.18,9870.81
L900 (2).gen,2024-12-18 02:02:23.500	,MS1,106.78122967,-6.27901218,,367,-73.06,24.58,61004.20,9661.12
L900 (2).gen,2024-12-18 02:02:24.500	,MS1,106.78120534,-6.27908503,,367,-77.28,20.79,42886.52,9455.52
L900 (2).gen,2024-12-18 02:02:25.500	,MS1,106.78118052,-6.27915892,,367,-78.17,18.29,39280.18,9303.13
L900 (2).gen,2024-12-18 02:02:26.500	,MS1,106.78115734,-6.27922841,,367,-80.12,16.15,37047.33,8197.18
L900 (2).gen,2024-12-18 02:02:27.500	,MS1,106.78113277,-6.27930097,,367,-81.18,14.96,34552.35,7935.14
L900 (2).gen,2024-12-18 02:02:28.500	,MS1,106.78110899,-6.27937091,,367,-80.99,14.62,34848.22,9590.34
L900 (2).gen,2024-12-18 02:02:29.500	,MS1,106.78108715,-6.27943563,,367,-81.62,16.50,39977.00,9972.23
L900 (2).gen,2024-12-18 02:02:30.500	,MS1,106.78106397,-6.27950449,,367,-79.38,16.23,33312.45,8611.84
L900 (2).gen,2024-12-18 02:02:31.500	,MS1,106.78104062,-6.27957370,,367,-82.49,13.58,32527.26,9175.97
L900 (2).gen,2024-12-18 02:02:32.500	,MS1,106.78102063,-6.27963502,,367,-81.73,12.77,29048.43,9344.94
L900 (2).gen,2024-12-18 02:02:33.500	,MS1,106.78099787,-6.27970105,,367,-81.34,14.38,41737.18,11992.52
L900 (2).gen,2024-12-18 02:02:34.500	,MS1,106.78097789,-6.27975929,,367,-79.75,13.60,43358.82,10136.19
L900 (2).gen,2024-12-18 02:02:35.500	,MS1,106.78095897,-6.27981711,,367,-77.02,15.25,43709.38,8769.26
L900 (2).gen,2024-12-18 02:02:36.500	,MS1,106.78094903,-6.27986449,,367,-74.98,17.50,41864.48,5586.11
L900 (2).gen,2024-12-18 02:02:37.500	,MS1,106.78094434,-6.27990343,,367,-75.11,15.56,38633.23,8104.18
L900 (2).gen,2024-12-18 02:02:38.500	,MS1,106.78094345,-6.27993547,,367,-75.66,10.08,26650.61,9285.71
L900 (2).gen,2024-12-18 02:02:39.500	,MS1,106.78095081,-6.27996583,,367,-81.64,2.21,16264.10,8911.67
L900 (2).gen,2024-12-18 02:02:40.500	,MS1,106.78096420,-6.27999522,,3,-77.21,10.15,21881.56,16517.00
L900 (2).gen,2024-12-18 02:02:41.500	,MS1,106.78098289,-6.28003121,,3,-75.54,11.15,27579.45,17855.91
L900 (2).gen,2024-12-18 02:02:42.500	,MS1,106.78100785,-6.28007087,,3,-76.38,10.69,26750.59,17544.76
L900 (2).gen,2024-12-18 02:02:43.500	,MS1,106.78103461,-6.28011196,,3,-76.29,10.21,29904.95,17393.37
L900 (2).gen,2024-12-18 02:02:44.500	,MS1,106.78106090,-6.28015616,,3,-77.01,10.90,30275.65,14665.86
L900 (2).gen,2024-12-18 02:02:45.500	,MS1,106.78108729,-6.28020099,,3,-81.90,6.38,20196.61,9734.15
L900 (2).gen,2024-12-18 02:02:46.500	,MS1,106.78111706,-6.28024315,,3,-85.30,4.98,17856.38,10079.04
L900 (2).gen,2024-12-18 02:02:47.500	,MS1,106.78115792,-6.28028335,,3,-86.26,5.06,12322.71,11386.87
L900 (2).gen,2024-12-18 02:02:48.500	,MS1,106.78121198,-6.28031618,,3,-87.38,4.69,13227.44,10634.71
L900 (2).gen,2024-12-18 02:02:49.500	,MS1,106.78127353,-6.28033627,,3,-91.74,4.19,15593.14,6090.69
L900 (2).gen,2024-12-18 02:02:50.500	,MS1,106.78134562,-6.28037044,,3,-94.79,1.65,12496.32,3936.10
L900 (2).gen,2024-12-18 02:02:51.500	,MS1,106.78141962,-6.28039742,,3,-93.36,0.35,12744.66,4489.49
L900 (2).gen,2024-12-18 02:02:52.500	,MS1,106.78149786,-6.28042461,,3,-94.35,-1.52,9677.29,7832.04
L900 (2).gen,2024-12-18 02:02:53.500	,MS1,106.78156902,-6.28045059,,3,-96.75,-1.29,,
L900 (2).gen,2024-12-18 02:02:54.500	,MS1,106.78164400,-6.28047960,,3,-96.34,2.44,,
L900 (3).gen,2024-12-18 02:06:32.500	,MS1,,,,93,-87.50,9.25,,
L900 (3).gen,2024-12-18 02:06:33.500	,MS1,106.78485174,-6.27895997,,93,-88.20,8.19,8242.22,601.02
L900 (3).gen,2024-12-18 02:06:34.500	,MS1,106.78486013,-6.27893613,,93,-87.24,7.85,16609.75,14142.37
L900 (3).gen,2024-12-18 02:06:35.500	,MS1,106.78485889,-6.27891086,,93,-87.95,6.56,17314.26,22312.21
L900 (3).gen,2024-12-18 02:06:36.500	,MS1,106.78484324,-6.27888706,,93,-89.17,6.04,16282.41,21920.61
L900 (3).gen,2024-12-18 02:06:37.500	,MS1,106.78481750,-6.27886620,,93,-90.46,4.21,12682.45,12501.68
L900 (3).gen,2024-12-18 02:06:38.500	,MS1,106.78478658,-6.27884495,,93,-90.01,4.23,14384.14,10955.29
L900 (3).gen,2024-12-18 02:06:39.500	,MS1,106.78474727,-6.27882307,,93,-90.96,0.54,8696.07,7144.75
L900 (3).gen,2024-12-18 02:06:40.500	,MS1,106.78470954,-6.27880210,,93,-92.88,-1.38,5899.82,6386.28
L900 (3).gen,2024-12-18 02:06:41.500	,MS1,106.78466871,-6.27877732,,503,-88.61,7.56,11727.41,18857.69
L900 (3).gen,2024-12-18 02:06:42.500	,MS1,106.78462788,-6.27875514,,503,-88.70,7.85,11976.21,3510.42
L900 (3).gen,2024-12-18 02:06:43.500	,MS1,106.78458398,-6.27873189,,503,-88.73,9.00,12143.45,12716.93
L900 (3).gen,2024-12-18 02:06:44.500	,MS1,106.78453774,-6.27870930,,503,-87.69,8.35,18630.32,13119.87
L900 (3).gen,2024-12-18 02:06:45.500	,MS1,106.78448718,-6.27868728,,503,-85.75,10.06,16931.18,19534.45
L900 (3).gen,2024-12-18 02:06:46.500	,MS1,106.78443742,-6.27866537,,503,-86.13,8.31,17965.22,18119.56
L900 (3).gen,2024-12-18 02:06:47.500	,MS1,106.78438703,-6.27864228,,503,-85.61,9.62,17929.02,18952.38
L900 (3).gen,2024-12-18 02:06:48.500	,MS1,106.78434098,-6.27862334,,503,-86.10,7.40,12114.86,16438.37
L900 (3).gen,2024-12-18 02:06:49.500	,MS1,106.78429197,-6.27860332,,503,-87.70,5.65,3328.99,2107.90
L900 (3).gen,2024-12-18 02:06:50.500	,MS1,106.78423337,-6.27857844,,503,-87.20,7.85,2542.30,10663.26
L900 (3).gen,2024-12-18 02:06:51.500	,MS1,106.78416924,-6.27855074,,503,-87.55,8.12,1718.28,7272.89
L900 (3).gen,2024-12-18 02:06:52.500	,MS1,106.78410473,-6.27852547,,503,-86.21,9.13,11424.51,26649.52
L900 (3).gen,2024-12-18 02:06:53.500	,MS1,106.78403900,-6.27850025,,503,-84.85,10.65,6728.88,10022.73
L900 (3).gen,2024-12-18 02:06:54.500	,MS1,106.78398288,-6.27848227,,503,-83.57,10.62,4210.50,16309.38
L900 (3).gen,2024-12-18 02:06:55.500	,MS1,106.78392306,-6.27846155,,503,-84.88,8.94,7130.34,10465.34
L900 (3).gen,2024-12-18 02:06:56.500	,MS1,106.78386096,-6.27843783,,503,-85.20,9.62,3736.42,11507.07
L900 (3).gen,2024-12-18 02:06:57.500	,MS1,106.78380358,-6.27841516,,503,-81.72,13.81,3681.19,9634.27
L900 (3).gen,2024-12-18 02:06:58.500	,MS1,106.78375144,-6.27839612,,503,-83.69,11.52,2695.52,12300.38
L900 (3).gen,2024-12-18 02:06:59.500	,MS1,106.78369520,-6.27837690,,503,-81.04,13.31,7981.93,21295.39
L900 (3).gen,2024-12-18 02:07:00.500	,MS1,106.78362876,-6.27835397,,503,-85.73,6.60,6461.20,11871.52
L900 (3).gen,2024-12-18 02:07:01.500	,MS1,106.78356398,-6.27833275,,503,-86.49,7.29,17032.29,15324.24
L900 (3).gen,2024-12-18 02:07:02.500	,MS1,106.78349727,-6.27831032,,503,-87.60,6.54,13693.76,13482.13
L900 (3).gen,2024-12-18 02:07:03.500	,MS1,106.78343662,-6.27829204,,503,-87.56,7.65,11914.44,15211.85
L900 (3).gen,2024-12-18 02:07:04.500	,MS1,106.78337880,-6.27827419,,503,-86.94,7.71,16695.55,14928.86
L900 (3).gen,2024-12-18 02:07:05.500	,MS1,106.78332539,-6.27825571,,503,-86.76,7.02,17628.90,19237.56
L900 (3).gen,2024-12-18 02:07:06.500	,MS1,106.78327398,-6.27823607,,503,-84.96,7.10,15492.39,15227.16
L900 (3).gen,2024-12-18 02:07:07.500	,MS1,106.78321229,-6.27821106,,503,-80.77,9.00,24380.85,20079.54
L900 (3).gen,2024-12-18 02:07:08.500	,MS1,106.78315165,-6.27818721,,503,-83.66,6.29,17007.53,13060.57
L900 (3).gen,2024-12-18 02:07:09.500	,MS1,106.78309488,-6.27816628,,503,-82.43,5.02,10281.79,10602.21
L900 (3).gen,2024-12-18 02:07:10.500	,MS1,106.78303789,-6.27814525,,411,-82.26,5.38,17297.76,28469.41
L900 (3).gen,2024-12-18 02:07:11.500	,MS1,106.78299149,-6.27813025,,411,-79.86,8.40,24988.51,29234.32
L900 (3).gen,2024-12-18 02:07:12.500	,MS1,106.78293837,-6.27811563,,411,-80.57,6.94,27382.50,32118.18
L900 (3).gen,2024-12-18 02:07:13.500	,MS1,106.78288781,-6.27810306,,411,-81.46,6.19,30973.54,27000.37
L900 (3).gen,2024-12-18 02:07:14.500	,MS1,106.78283408,-6.27808905,,411,-84.50,2.73,25217.54,24531.12
L900 (3).gen,2024-12-18 02:07:15.500	,MS1,106.78277834,-6.27807574,,411,-83.81,3.79,24235.02,28382.83
L900 (3).gen,2024-12-18 02:07:16.500	,MS1,106.78271691,-6.27805863,,411,-80.90,7.46,30393.71,31320.54
L900 (3).gen,2024-12-18 02:07:17.500	,MS1,106.78266231,-6.27804127,,411,-81.53,5.96,24676.34,22933.56
L900 (3).gen,2024-12-18 02:07:18.500	,MS1,106.78260693,-6.27802358,,411,-79.35,7.79,31791.50,33100.87
L900 (3).gen,2024-12-18 02:07:19.500	,MS1,106.78254785,-6.27800720,,411,-76.73,10.38,37185.82,32902.91
L900 (3).gen,2024-12-18 02:07:20.500	,MS1,106.78248631,-6.27799176,,411,-76.98,9.17,37150.79,32010.74
L900 (3).gen,2024-12-18 02:07:21.500	,MS1,106.78243063,-6.27797807,,411,-74.63,9.15,37324.36,30955.44
L900 (3).gen,2024-12-18 02:07:22.500	,MS1,106.78237605,-6.27796477,,411,-73.11,10.06,38102.08,34168.54
L900 (3).gen,2024-12-18 02:07:23.500	,MS1,106.78232197,-6.27795030,,411,-70.89,10.33,38899.27,31241.28
L900 (3).gen,2024-12-18 02:07:24.500	,MS1,106.78226985,-6.27793453,,411,-71.86,9.52,42190.34,30733.22
L900 (3).gen,2024-12-18 02:07:25.500	,MS1,106.78221358,-6.27791889,,411,-72.94,8.12,40538.00,31050.84
L900 (3).gen,2024-12-18 02:07:26.500	,MS1,106.78216159,-6.27790508,,411,-74.62,7.77,35164.07,32512.73
L900 (3).gen,2024-12-18 02:07:27.500	,MS1,106.78210701,-6.27789167,,411,-72.42,7.12,24544.61,30207.68
L900 (3).gen,2024-12-18 02:07:28.500	,MS1,106.78205501,-6.27787951,,411,-69.88,7.10,24907.96,30560.64
L900 (3).gen,2024-12-18 02:07:29.500	,MS1,106.78200602,-6.27786663,,411,-71.75,6.38,30505.66,33091.21
L900 (3).gen,2024-12-18 02:07:30.500	,MS1,106.78195955,-6.27785432,,411,-71.02,8.44,31116.95,29125.14
L900 (3).gen,2024-12-18 02:07:31.500	,MS1,106.78191594,-6.27784296,,411,-71.05,6.94,32614.77,29502.52
L900 (3).gen,2024-12-18 02:07:32.500	,MS1,106.78188440,-6.27783543,,367,-71.10,10.98,21536.19,15459.52
L900 (3).gen,2024-12-18 02:07:33.500	,MS1,106.78184814,-6.27782706,,367,-69.77,10.31,6526.27,3366.33
L900 (3).gen,2024-12-18 02:07:34.500	,MS1,106.78181830,-6.27782100,,411,-67.22,5.23,13557.45,17136.70
L900 (3).gen,2024-12-18 02:07:35.500	,MS1,106.78180247,-6.27781932,,367,-67.38,6.50,19516.96,24415.74
L900 (3).gen,2024-12-18 02:07:36.500	,MS1,106.78180156,-6.27781924,,411,-67.70,8.96,18976.74,18851.80
L900 (3).gen,2024-12-18 02:07:37.500	,MS1,106.78179772,-6.27781766,,411,-70.38,6.77,26451.42,33418.57
L900 (3).gen,2024-12-18 02:07:38.500	,MS1,106.78179419,-6.27781553,,411,-67.59,10.73,35888.18,34684.97
L900 (3).gen,2024-12-18 02:07:39.500	,MS1,106.78178894,-6.27781046,,411,-68.12,10.62,39511.66,31600.37
L900 (3).gen,2024-12-18 02:07:40.500	,MS1,106.78178805,-6.27780956,,411,-68.91,9.27,34114.46,31060.93
L900 (3).gen,2024-12-18 02:07:41.500	,MS1,106.78178805,-6.27780956,,411,-68.51,9.62,,
L900 (3).gen,2024-12-18 02:07:42.500	,MS1,106.78178805,-6.27780956,,411,-67.59,10.77,,
L900 (3).gen,2024-12-18 02:07:43.500	,MS1,106.78178805,-6.27780956,,411,-67.32,10.39,,
L900 (4).gen,2024-12-18 02:14:31.500	,MS1,,,,411,-67.47,10.55,,
L900 (4).gen,2024-12-18 02:14:32.500	,MS1,106.78178805,-6.27780956,,411,-67.43,9.54,5349.26,396.80
L900 (4).gen,2024-12-18 02:14:33.500	,MS1,106.78178805,-6.27780956,,411,-67.40,10.15,35832.83,19111.39
L900 (4).gen,2024-12-18 02:14:34.500	,MS1,106.78178805,-6.27780956,,411,-67.50,9.77,36098.46,51142.98
L900 (4).gen,2024-12-18 02:14:35.500	,MS1,106.78178805,-6.27780956,,411,-67.43,9.79,37476.05,35412.59
L900 (4).gen,2024-12-18 02:14:36.500	,MS1,106.78178805,-6.27780956,,411,-67.29,9.21,36100.28,28345.02
L900 (4).gen,2024-12-18 02:14:37.500	,MS1,106.78178805,-6.27780956,,411,-67.52,8.46,35998.88,32218.47
L900 (4).gen,2024-12-18 02:14:38.500	,MS1,106.78178805,-6.27780956,,411,-67.17,8.58,35209.18,30353.58
L900 (4).gen,2024-12-18 02:14:39.500	,MS1,106.78178805,-6.27780956,,411,-68.24,6.15,30904.18,26172.70
L900 (4).gen,2024-12-18 02:14:40.500	,MS1,106.78178805,-6.27780956,,411,-68.36,5.50,31275.86,29603.48
L900 (4).gen,2024-12-18 02:14:41.500	,MS1,106.78178805,-6.27780956,,411,-69.57,5.35,27417.49,21959.92
L900 (4).gen,2024-12-18 02:14:42.500	,MS1,106.78178805,-6.27780956,,411,-69.25,1.79,22875.33,16109.56
L900 (4).gen,2024-12-18 02:14:43.500	,MS1,106.78178805,-6.27780956,,411,-67.83,1.50,22370.11,11885.85
L900 (4).gen,2024-12-18 02:14:44.500	,MS1,106.78178805,-6.27780956,,411,-66.28,7.40,25329.88,15389.02
L900 (4).gen,2024-12-18 02:14:45.500	,MS1,106.78178805,-6.27780956,,411,-65.80,9.42,25729.25,25176.78
L900 (4).gen,2024-12-18 02:14:46.500	,MS1,106.78178805,-6.27780956,,411,-65.95,10.15,14638.48,9000.87
L900 (4).gen,2024-12-18 02:14:47.500	,MS1,106.78178805,-6.27780956,,411,-66.22,9.92,19915.71,19495.08
L900 (4).gen,2024-12-18 02:14:48.500	,MS1,106.78178805,-6.27780956,,411,-66.27,10.13,39877.27,42122.05
L900 (4).gen,2024-12-18 02:14:49.500	,MS1,106.78178805,-6.27780956,,411,-66.20,9.44,36381.37,12558.70
L900 (4).gen,2024-12-18 02:14:50.500	,MS1,106.78178805,-6.27780956,,411,-66.03,9.38,31327.81,18300.84
L900 (4).gen,2024-12-18 02:14:51.500	,MS1,106.78178805,-6.27780956,,411,-66.53,10.10,34341.33,28745.50
L900 (4).gen,2024-12-18 02:14:52.500	,MS1,106.78178805,-6.27780956,,411,-69.20,8.69,39648.22,21695.55
L900 (4).gen,2024-12-18 02:14:53.500	,MS1,106.78178805,-6.27780956,,411,-68.79,8.90,35181.78,17001.37
L900 (4).gen,2024-12-18 02:14:54.500	,MS1,106.78178805,-6.27780956,,411,-69.25,8.52,43476.23,17852.70
L900 (4).gen,2024-12-18 02:14:55.500	,MS1,106.78178805,-6.27780956,,411,-69.68,8.42,43983.63,26570.36
L900 (4).gen,2024-12-18 02:14:56.500	,MS1,106.78178805,-6.27780956,,411,-69.28,7.67,46176.38,33811.99
L900 (4).gen,2024-12-18 02:14:57.500	,MS1,106.78178805,-6.27780956,,411,-69.17,6.25,35970.66,16757.68
L900 (4).gen,2024-12-18 02:14:58.500	,MS1,106.78178805,-6.27780956,,411,-69.40,4.52,28719.68,20905.61
L900 (4).gen,2024-12-18 02:14:59.500	,MS1,106.78178805,-6.27780956,,411,-69.50,4.65,28276.68,15147.22
L900 (4).gen,2024-12-18 02:15:00.500	,MS1,106.78178805,-6.27780956,,411,-67.44,8.94,37894.04,28090.05
L900 (4).gen,2024-12-18 02:15:01.500	,MS1,106.78178805,-6.27780956,,411,-67.30,8.33,39445.76,35533.70
L900 (4).gen,2024-12-18 02:15:02.500	,MS1,106.78178805,-6.27780956,,411,-69.48,7.38,,
L900 (4).gen,2024-12-18 02:15:03.500	,MS1,106.78178805,-6.27780956,,411,-69.86,4.90,,
L900 (4).gen,2024-12-18 02:15:04.500	,MS1,106.78178805,-6.27780956,,411,-69.96,6.90,,
L900 (4).gen,2024-12-18 02:15:05.500	,MS1,106.78178805,-6.27780956,,411,-70.18,6.54,,
L900 (4).gen,2024-12-18 02:15:06.500	,MS1,106.78178805,-6.27780956,,411,-70.64,5.65,,
L900 (4).gen,2024-12-18 02:15:07.500	,MS1,106.78178805,-6.27780956,,411,-70.49,6.94,,
L900 (4).gen,2024-12-18 02:15:08.500	,MS1,106.78178805,-6.27780956,,411,-70.10,6.89,,
L900 (5).gen,2024-12-18 02:21:39.500	,MS1,,,,3,-87.38,2.25,,
L900 (5).gen,2024-12-18 02:21:40.500	,MS1,106.78093965,-6.28035377,,3,-81.76,8.40,9208.55,733.51
L900 (5).gen,2024-12-18 02:21:41.500	,MS1,106.78091290,-6.28038759,,3,-81.83,7.58,22243.54,23277.73
L900 (5).gen,2024-12-18 02:21:42.500	,MS1,106.78087820,-6.28042107,,3,-83.53,3.67,14534.50,21521.68
L900 (5).gen,2024-12-18 02:21:43.500	,MS1,106.78083429,-6.28044967,,367,-86.06,1.44,12746.19,25314.47
L900 (5).gen,2024-12-18 02:21:44.500	,MS1,106.78079737,-6.28047091,,3,-82.42,6.06,17134.78,17523.61
L900 (5).gen,2024-12-18 02:21:45.500	,MS1,106.78075902,-6.28048610,,3,-84.07,4.00,16600.87,11819.76
L900 (5).gen,2024-12-18 02:21:46.500	,MS1,106.78071889,-6.28048747,,3,-83.06,5.83,20220.26,23364.42
L900 (5).gen,2024-12-18 02:21:47.500	,MS1,106.78068775,-6.28048272,,3,-84.73,3.75,18669.77,18233.24
L900 (5).gen,2024-12-18 02:21:48.500	,MS1,106.78066426,-6.28047979,,3,-84.63,2.65,15425.76,12584.93
L900 (5).gen,2024-12-18 02:21:49.500	,MS1,106.78064049,-6.28047613,,3,-85.66,1.77,14455.58,19323.16
L900 (5).gen,2024-12-18 02:21:50.500	,MS1,106.78061836,-6.28047138,,3,-85.08,3.85,17512.29,19070.50
L900 (5).gen,2024-12-18 02:21:51.500	,MS1,106.78059346,-6.28046015,,3,-84.63,1.67,14294.31,11823.63
L900 (5).gen,2024-12-18 02:21:52.500	,MS1,106.78056258,-6.28044218,,3,-84.85,-1.19,8620.30,10714.71
L900 (5).gen,2024-12-18 02:21:53.500	,MS1,106.78053008,-6.28041943,,3,-80.89,2.81,14947.97,25580.54
L900 (5).gen,2024-12-18 02:21:54.500	,MS1,106.78049852,-6.28039100,,3,-80.09,4.08,17560.61,23004.90
L900 (5).gen,2024-12-18 02:21:55.500	,MS1,106.78046866,-6.28035626,,3,-77.66,4.98,19197.60,17498.19
L900 (5).gen,2024-12-18 02:21:56.500	,MS1,106.78043638,-6.28031519,,3,-71.51,11.48,28500.44,22601.49
L900 (5).gen,2024-12-18 02:21:57.500	,MS1,106.78041014,-6.28027633,,3,-68.87,13.65,32939.70,20443.25
L900 (5).gen,2024-12-18 02:21:58.500	,MS1,106.78038013,-6.28023187,,3,-74.43,8.12,28336.33,19995.15
L900 (5).gen,2024-12-18 02:21:59.500	,MS1,106.78035187,-6.28019272,,3,-70.83,13.88,38589.93,24126.04
L900 (5).gen,2024-12-18 02:22:00.500	,MS1,106.78031808,-6.28015795,,3,-69.84,14.29,35278.83,14885.93
L900 (5).gen,2024-12-18 02:22:01.500	,MS1,106.78027859,-6.28012496,,3,-72.71,15.02,29299.36,23070.91
L900 (5).gen,2024-12-18 02:22:02.500	,MS1,106.78023326,-6.28009737,,3,-75.70,13.29,31045.70,23547.94
L900 (5).gen,2024-12-18 02:22:03.500	,MS1,106.78018260,-6.28007125,,3,-76.70,12.44,27526.75,20543.84
L900 (5).gen,2024-12-18 02:22:04.500	,MS1,106.78012426,-6.28005062,,3,-74.44,14.23,33987.93,23081.59
L900 (5).gen,2024-12-18 02:22:05.500	,MS1,106.78006738,-6.28003279,,3,-75.07,15.23,37247.01,20981.56
L900 (5).gen,2024-12-18 02:22:06.500	,MS1,106.78001020,-6.28001700,,3,-76.13,14.21,37180.42,20799.65
L900 (5).gen,2024-12-18 02:22:07.500	,MS1,106.77994394,-6.27999829,,3,-71.17,17.81,50664.51,18908.45
L900 (5).gen,2024-12-18 02:22:08.500	,MS1,106.77987928,-6.27997557,,3,-69.72,18.06,51275.24,17217.85
L900 (5).gen,2024-12-18 02:22:09.500	,MS1,106.77981590,-6.27995053,,3,-67.98,18.13,40134.04,19404.88
L900 (5).gen,2024-12-18 02:22:10.500	,MS1,106.77974585,-6.27992442,,3,-66.78,17.85,51441.52,23260.77
L900 (5).gen,2024-12-18 02:22:11.500	,MS1,106.77967850,-6.27990059,,3,-63.08,20.83,51919.01,18435.88
L900 (5).gen,2024-12-18 02:22:12.500	,MS1,106.77960541,-6.27987745,,3,-65.70,20.48,50526.43,16800.77
L900 (5).gen,2024-12-18 02:22:13.500	,MS1,106.77953412,-6.27985441,,3,-67.89,19.75,43965.17,19997.14
L900 (5).gen,2024-12-18 02:22:14.500	,MS1,106.77945588,-6.27982688,,3,-67.62,20.94,48708.56,20859.15
L900 (5).gen,2024-12-18 02:22:15.500	,MS1,106.77937694,-6.27979846,,3,-69.78,20.46,48394.16,18141.44
L900 (5).gen,2024-12-18 02:22:16.500	,MS1,106.77929693,-6.27976849,,3,-67.45,21.15,43190.40,19815.20
L900 (5).gen,2024-12-18 02:22:17.500	,MS1,106.77922318,-6.27974057,,3,-70.32,18.71,37596.07,21499.86
L900 (5).gen,2024-12-18 02:22:18.500	,MS1,106.77914324,-6.27971042,,3,-68.03,18.58,44531.04,20756.87
L900 (5).gen,2024-12-18 02:22:19.500	,MS1,106.77906814,-6.27968371,,3,-64.90,21.46,47945.77,17927.34
L900 (5).gen,2024-12-18 02:22:20.500	,MS1,106.77899021,-6.27965293,,3,-65.38,22.04,54567.84,21688.83
L900 (5).gen,2024-12-18 02:22:21.500	,MS1,106.77891304,-6.27962187,,3,-68.35,18.23,44179.70,20700.96
L900 (5).gen,2024-12-18 02:22:22.500	,MS1,106.77883502,-6.27959216,,3,-69.88,17.31,38867.56,20653.01
L900 (5).gen,2024-12-18 02:22:23.500	,MS1,106.77876108,-6.27956618,,3,-68.34,16.81,36218.56,17174.75
L900 (5).gen,2024-12-18 02:22:24.500	,MS1,106.77868270,-6.27953715,,3,-65.40,19.15,38609.76,18542.04
L900 (5).gen,2024-12-18 02:22:25.500	,MS1,106.77860650,-6.27951110,,3,-71.27,16.60,34792.94,16856.18
L900 (5).gen,2024-12-18 02:22:26.500	,MS1,106.77853050,-6.27948474,,3,-79.60,11.60,24130.16,18454.56
L900 (5).gen,2024-12-18 02:22:27.500	,MS1,106.77846551,-6.27946157,,3,-76.81,11.04,27071.79,18316.59
L900 (5).gen,2024-12-18 02:22:28.500	,MS1,106.77841097,-6.27944080,,3,-79.30,10.12,23159.68,16127.64
L900 (5).gen,2024-12-18 02:22:29.500	,MS1,106.77837266,-6.27942514,,3,-81.52,7.13,17693.25,13293.25
L900 (5).gen,2024-12-18 02:22:30.500	,MS1,106.77833744,-6.27940712,,3,-83.24,5.52,14823.71,15403.33
L900 (5).gen,2024-12-18 02:22:31.500	,MS1,106.77830819,-6.27939199,,140,-76.55,8.08,13617.73,17938.94
L900 (5).gen,2024-12-18 02:22:32.500	,MS1,106.77829046,-6.27938011,,140,-68.08,19.29,29804.48,15781.34
L900 (5).gen,2024-12-18 02:22:33.500	,MS1,106.77827487,-6.27937024,,140,-65.68,17.38,33512.51,8217.40
L900 (5).gen,2024-12-18 02:22:34.500	,MS1,106.77826489,-6.27936262,,140,-65.52,15.79,24500.26,9021.16
L900 (5).gen,2024-12-18 02:22:35.500	,MS1,106.77825504,-6.27935465,,140,-65.88,15.44,28541.75,13298.90
L900 (5).gen,2024-12-18 02:22:36.500	,MS1,106.77824161,-6.27934454,,140,-65.12,16.00,35093.25,14572.82
L900 (5).gen,2024-12-18 02:22:37.500	,MS1,106.77821947,-6.27932999,,140,-65.28,16.90,36206.95,17638.93
L900 (5).gen,2024-12-18 02:22:38.500	,MS1,106.77819105,-6.27931229,,140,-69.55,18.35,37926.85,15236.70
L900 (5).gen,2024-12-18 02:22:39.500	,MS1,106.77815546,-6.27928932,,140,-74.95,16.15,13137.89,7130.71
L900 (5).gen,2024-12-18 02:22:40.500	,MS1,106.77811648,-6.27926278,,140,-75.30,15.83,17451.98,15758.19
L900 (5).gen,2024-12-18 02:22:41.500	,MS1,106.77808449,-6.27923853,,140,-75.95,14.67,17719.38,12766.75
L900 (5).gen,2024-12-18 02:22:42.500	,MS1,106.77805378,-6.27921268,,140,-76.51,13.13,20512.80,10559.71
L900 (5).gen,2024-12-18 02:22:43.500	,MS1,106.77802038,-6.27918384,,140,-77.45,13.67,20951.64,8869.93
L900 (5).gen,2024-12-18 02:22:44.500	,MS1,106.77798830,-6.27915485,,140,-79.57,13.17,17209.95,14013.20
L900 (5).gen,2024-12-18 02:22:45.500	,MS1,106.77795113,-6.27911970,,140,-77.41,15.23,26019.99,15904.54
L900 (5).gen,2024-12-18 02:22:46.500	,MS1,106.77791413,-6.27908190,,140,-77.12,13.46,25486.79,16798.10
L900 (5).gen,2024-12-18 02:22:47.500	,MS1,106.77787578,-6.27904205,,140,-74.34,15.00,24022.39,19038.15
L900 (5).gen,2024-12-18 02:22:48.500	,MS1,106.77783638,-6.27899990,,140,-69.49,21.08,22180.15,14691.44
L900 (5).gen,2024-12-18 02:22:49.500	,MS1,106.77780135,-6.27895690,,140,-68.88,20.73,17484.00,13909.28
L900 (5).gen,2024-12-18 02:22:50.500	,MS1,106.77777376,-6.27892168,,140,-67.25,21.67,29600.16,17887.94
L900 (5).gen,2024-12-18 02:22:51.500	,MS1,106.77774862,-6.27889367,,140,-65.33,22.48,28202.31,14033.92
L900 (5).gen,2024-12-18 02:22:52.500	,MS1,106.77772501,-6.27886094,,140,-64.36,24.83,32948.09,11227.29
L900 (5).gen,2024-12-18 02:22:53.500	,MS1,106.77770311,-6.27883252,,140,-65.07,23.54,26873.82,9360.13
L900 (5).gen,2024-12-18 02:22:54.500	,MS1,106.77767561,-6.27879761,,140,-64.65,22.85,24483.26,13137.79
L900 (5).gen,2024-12-18 02:22:55.500	,MS1,106.77764460,-6.27875704,,140,-63.59,24.92,41337.93,13605.73
L900 (5).gen,2024-12-18 02:22:56.500	,MS1,106.77761115,-6.27871302,,140,-64.13,24.94,38481.03,8495.55
L900 (5).gen,2024-12-18 02:22:57.500	,MS1,106.77757757,-6.27866968,,140,-62.95,25.44,33277.89,14529.15
L900 (5).gen,2024-12-18 02:22:58.500	,MS1,106.77755349,-6.27863765,,140,-62.66,21.04,33935.95,12016.27
L900 (5).gen,2024-12-18 02:22:59.500	,MS1,106.77753556,-6.27861636,,140,-62.95,22.33,28062.85,9705.30
L900 (5).gen,2024-12-18 02:23:00.500	,MS1,106.77751678,-6.27859594,,140,-62.96,21.69,27018.79,12520.23
L900 (5).gen,2024-12-18 02:23:01.500	,MS1,106.77749962,-6.27857370,,140,-63.62,20.56,29544.90,6443.30
L900 (5).gen,2024-12-18 02:23:02.500	,MS1,106.77748217,-6.27854763,,140,-64.93,21.52,43186.34,12688.77
L900 (5).gen,2024-12-18 02:23:03.500	,MS1,106.77746158,-6.27851494,,140,-66.84,18.00,28568.08,9651.16
L900 (5).gen,2024-12-18 02:23:04.500	,MS1,106.77743517,-6.27847559,,140,-67.49,16.77,21135.07,11933.50
L900 (5).gen,2024-12-18 02:23:05.500	,MS1,106.77740912,-6.27842858,,140,-66.03,16.08,21357.90,16010.69
L900 (5).gen,2024-12-18 02:23:06.500	,MS1,106.77738001,-6.27837508,,140,-66.77,16.31,23572.87,16429.18
L900 (5).gen,2024-12-18 02:23:07.500	,MS1,106.77735396,-6.27832092,,140,-69.51,15.67,25548.62,16089.71
L900 (5).gen,2024-12-18 02:23:08.500	,MS1,106.77733736,-6.27827050,,140,-72.38,10.10,29538.31,22837.91
L900 (5).gen,2024-12-18 02:23:09.500	,MS1,106.77731648,-6.27821530,,140,-72.62,10.06,25612.85,20941.20
L900 (5).gen,2024-12-18 02:23:10.500	,MS1,106.77729967,-6.27815403,,140,-72.51,10.15,28153.56,18500.26
L900 (5).gen,2024-12-18 02:23:11.500	,MS1,106.77728187,-6.27808299,,140,-75.35,7.83,20733.11,12720.95
L900 (5).gen,2024-12-18 02:23:12.500	,MS1,106.77726148,-6.27800972,,140,-73.53,7.21,25907.49,19388.74
L900 (5).gen,2024-12-18 02:23:13.500	,MS1,106.77723832,-6.27793434,,140,-75.93,4.44,23973.33,15520.38
L900 (5).gen,2024-12-18 02:23:14.500	,MS1,106.77721691,-6.27786088,,140,-80.25,0.00,14594.33,10776.26
L900 (5).gen,2024-12-18 02:23:15.500	,MS1,106.77719480,-6.27778370,,173,-77.83,6.33,14920.51,12068.33
L900 (5).gen,2024-12-18 02:23:16.500	,MS1,106.77717442,-6.27771515,,173,-76.27,7.63,19058.46,23745.21
L900 (5).gen,2024-12-18 02:23:17.500	,MS1,106.77714851,-6.27763291,,173,-73.81,9.67,20470.69,25775.06
L900 (5).gen,2024-12-18 02:23:18.500	,MS1,106.77712328,-6.27755511,,173,-74.79,10.38,19871.66,22528.66
L900 (5).gen,2024-12-18 02:23:19.500	,MS1,106.77709836,-6.27747378,,173,-72.67,10.60,18458.18,23704.16
L900 (5).gen,2024-12-18 02:23:20.500	,MS1,106.77707207,-6.27738963,,173,-69.20,16.02,26023.51,29190.39
L900 (5).gen,2024-12-18 02:23:21.500	,MS1,106.77704715,-6.27730603,,173,-67.08,16.88,30768.77,25917.70
L900 (5).gen,2024-12-18 02:23:22.500	,MS1,106.77702286,-6.27722047,,173,-65.81,15.33,30939.52,27315.17
L900 (5).gen,2024-12-18 02:23:23.500	,MS1,106.77699624,-6.27713378,,173,-66.76,12.48,25687.86,20298.23
L900 (5).gen,2024-12-18 02:23:24.500	,MS1,106.77697476,-6.27706078,,173,-62.32,13.58,26450.53,23983.85
L900 (5).gen,2024-12-18 02:23:25.500	,MS1,106.77695155,-6.27697976,,173,-60.38,13.56,26448.34,25775.80
L900 (5).gen,2024-12-18 02:23:26.500	,MS1,106.77693294,-6.27691165,,173,-61.27,14.56,29130.02,23910.78
L900 (5).gen,2024-12-18 02:23:27.500	,MS1,106.77691664,-6.27684971,,173,-56.80,13.77,34223.43,23663.46
L900 (5).gen,2024-12-18 02:23:28.500	,MS1,106.77690245,-6.27678992,,173,-52.32,16.81,42897.21,21666.39
L900 (5).gen,2024-12-18 02:23:29.500	,MS1,106.77688677,-6.27673607,,173,-50.03,16.77,46058.29,24020.25
L900 (5).gen,2024-12-18 02:23:30.500	,MS1,106.77687032,-6.27668398,,173,-53.53,14.56,35216.82,22676.00
L900 (5).gen,2024-12-18 02:23:31.500	,MS1,106.77685066,-6.27663229,,173,-56.91,12.10,30446.19,20231.65
L900 (5).gen,2024-12-18 02:23:32.500	,MS1,106.77682768,-6.27658840,,173,-58.57,12.81,29754.26,25049.49
L900 (5).gen,2024-12-18 02:23:33.500	,MS1,106.77679784,-6.27654670,,173,-57.47,9.56,24388.69,22327.29
L900 (5).gen,2024-12-18 02:23:34.500	,MS1,106.77676307,-6.27650580,,173,-61.60,7.50,20122.61,22409.78
L900 (5).gen,2024-12-18 02:23:35.500	,MS1,106.77673157,-6.27646771,,173,-60.51,9.00,16090.07,18707.77
L900 (5).gen,2024-12-18 02:23:36.500	,MS1,106.77670196,-6.27643365,,378,-57.35,19.50,33233.66,31176.63
L900 (5).gen,2024-12-18 02:23:37.500	,MS1,106.77668894,-6.27639632,,378,-54.10,22.29,49702.95,34709.80
L900 (5).gen,2024-12-18 02:23:38.500	,MS1,106.77669166,-6.27635153,,378,-53.86,20.56,63592.27,28392.65
L900 (5).gen,2024-12-18 02:23:39.500	,MS1,106.77671574,-6.27630491,,378,-54.55,15.50,47251.39,26786.13
L900 (5).gen,2024-12-18 02:23:40.500	,MS1,106.77674728,-6.27626526,,378,-54.31,14.90,40086.55,26622.90
L900 (5).gen,2024-12-18 02:23:41.500	,MS1,106.77679760,-6.27624813,,378,-60.31,12.85,35912.32,26689.98
L900 (5).gen,2024-12-18 02:23:42.500	,MS1,106.77685190,-6.27624776,,378,-58.70,11.13,50432.51,30830.09
L900 (5).gen,2024-12-18 02:23:43.500	,MS1,106.77691426,-6.27625310,,378,-57.43,6.38,25140.85,18360.49
L900 (5).gen,2024-12-18 02:23:44.500	,MS1,106.77697209,-6.27625729,,378,-53.55,10.25,22345.33,23239.49
L900 (5).gen,2024-12-18 02:23:45.500	,MS1,106.77702555,-6.27625673,,173,-52.94,9.94,25169.76,20180.45
L900 (5).gen,2024-12-18 02:23:46.500	,MS1,106.77707715,-6.27624592,,173,-56.17,12.04,22793.40,23968.24
L900 (5).gen,2024-12-18 02:23:47.500	,MS1,106.77713443,-6.27622486,,309,-62.50,4.85,15867.71,18870.25
L900 (5).gen,2024-12-18 02:23:48.500	,MS1,106.77718207,-6.27619970,,309,-61.44,8.79,24385.47,32229.25
L900 (5).gen,2024-12-18 02:23:49.500	,MS1,106.77723546,-6.27616846,,309,-59.60,12.40,25326.57,28921.97
L900 (5).gen,2024-12-18 02:23:50.500	,MS1,106.77728304,-6.27613235,,309,-60.96,11.38,26324.15,36544.94
L900 (5).gen,2024-12-18 02:23:51.500	,MS1,106.77733244,-6.27608946,,309,-64.07,6.21,19626.79,23614.97
L900 (5).gen,2024-12-18 02:23:52.500	,MS1,106.77737827,-6.27604046,,309,-65.18,8.52,26011.72,32624.50
L900 (5).gen,2024-12-18 02:23:53.500	,MS1,106.77742464,-6.27599502,,309,-65.55,10.92,26526.54,33120.58
L900 (5).gen,2024-12-18 02:23:54.500	,MS1,106.77747711,-6.27594545,,309,-66.86,10.31,27885.84,32557.75
L900 (5).gen,2024-12-18 02:23:55.500	,MS1,106.77752671,-6.27589705,,309,-69.71,7.02,22071.78,17306.09
L900 (5).gen,2024-12-18 02:23:56.500	,MS1,106.77757684,-6.27584731,,157,-68.11,17.40,27538.99,31229.57
L900 (5).gen,2024-12-18 02:23:57.500	,MS1,106.77761985,-6.27579921,,157,-66.64,20.52,37907.45,26287.54
L900 (5).gen,2024-12-18 02:23:58.500	,MS1,106.77766433,-6.27575077,,157,-69.30,19.60,41776.14,22352.43
L900 (5).gen,2024-12-18 02:23:59.500	,MS1,106.77770495,-6.27570726,,157,-71.34,19.87,46804.28,27645.69
L900 (5).gen,2024-12-18 02:24:00.500	,MS1,106.77774354,-6.27566385,,157,-72.95,19.71,43298.63,25785.85
L900 (5).gen,2024-12-18 02:24:01.500	,MS1,106.77777924,-6.27562317,,157,-72.94,22.46,48951.95,26467.09
L900 (5).gen,2024-12-18 02:24:02.500	,MS1,106.77781552,-6.27557949,,157,-72.57,23.06,51177.64,22309.63
L900 (5).gen,2024-12-18 02:24:03.500	,MS1,106.77785012,-6.27553744,,157,-73.73,20.79,45775.99,25507.52
L900 (5).gen,2024-12-18 02:24:04.500	,MS1,106.77788043,-6.27550327,,157,-74.81,18.44,41796.61,27296.22
L900 (5).gen,2024-12-18 02:24:05.500	,MS1,106.77790254,-6.27547870,,157,-71.57,21.08,48613.29,25884.82
L900 (5).gen,2024-12-18 02:24:06.500	,MS1,106.77792416,-6.27545091,,157,-72.66,22.85,49459.11,25118.57
L900 (5).gen,2024-12-18 02:24:07.500	,MS1,106.77794623,-6.27542138,,157,-75.48,20.33,45781.09,25081.90
L900 (5).gen,2024-12-18 02:24:08.500	,MS1,106.77797557,-6.27538214,,157,-75.68,17.00,37233.82,22747.78
L900 (5).gen,2024-12-18 02:24:09.500	,MS1,106.77801175,-6.27533692,,157,-74.86,16.50,39767.11,25247.01
L900 (5).gen,2024-12-18 02:24:10.500	,MS1,106.77805009,-6.27528913,,157,-77.65,13.94,38493.86,28707.96
L900 (5).gen,2024-12-18 02:24:11.500	,MS1,106.77808628,-6.27523891,,157,-78.51,13.94,31612.90,19484.81
L900 (5).gen,2024-12-18 02:24:12.500	,MS1,106.77812384,-6.27518218,,157,-79.20,11.46,25536.20,23392.42
L900 (5).gen,2024-12-18 02:24:13.500	,MS1,106.77815850,-6.27512878,,157,-78.47,12.42,32807.60,29180.19
L900 (5).gen,2024-12-18 02:24:14.500	,MS1,106.77818901,-6.27508186,,157,-79.40,12.65,29531.94,25191.49
L900 (5).gen,2024-12-18 02:24:15.500	,MS1,106.77822364,-6.27503391,,157,-78.86,14.62,30777.10,27892.90
L900 (5).gen,2024-12-18 02:24:16.500	,MS1,106.77825366,-6.27499198,,157,-77.62,15.52,33759.40,26126.62
L900 (5).gen,2024-12-18 02:24:17.500	,MS1,106.77827925,-6.27495091,,157,-79.12,13.69,30729.15,24566.10
L900 (5).gen,2024-12-18 02:24:18.500	,MS1,106.77830509,-6.27490044,,157,-83.92,8.90,22973.09,19131.74
L900 (5).gen,2024-12-18 02:24:19.500	,MS1,106.77833016,-6.27484520,,157,-87.01,6.12,22192.38,26552.41
L900 (5).gen,2024-12-18 02:24:20.500	,MS1,106.77836024,-6.27478147,,157,-87.00,4.31,19153.59,24046.74
L900 (5).gen,2024-12-18 02:24:21.500	,MS1,106.77839151,-6.27470979,,157,-85.61,5.31,27369.30,28252.88
L900 (5).gen,2024-12-18 02:24:22.500	,MS1,106.77842561,-6.27463931,,157,-87.88,4.65,23020.54,15574.89
L900 (5).gen,2024-12-18 02:24:23.500	,MS1,106.77845765,-6.27456724,,157,-91.33,2.54,14215.97,14737.71
L900 (5).gen,2024-12-18 02:24:24.500	,MS1,106.77848806,-6.27449372,,19,-90.88,1.63,14183.82,17690.15
L900 (5).gen,2024-12-18 02:24:25.500	,MS1,106.77851288,-6.27442599,,19,-88.84,4.00,18220.81,14032.41
L900 (5).gen,2024-12-18 02:24:26.500	,MS1,106.77853640,-6.27436144,,19,-90.61,2.46,13741.46,4770.86
L900 (5).gen,2024-12-18 02:24:27.500	,MS1,106.77855715,-6.27429477,,19,-91.29,3.48,16858.12,6490.29
L900 (5).gen,2024-12-18 02:24:28.500	,MS1,106.77857412,-6.27422798,,19,-89.91,7.06,17364.06,4912.45
L900 (5).gen,2024-12-18 02:24:29.500	,MS1,106.77858647,-6.27415933,,19,-89.68,7.48,17773.66,9635.77
L900 (5).gen,2024-12-18 02:24:30.500	,MS1,106.77859503,-6.27409183,,19,-86.12,11.15,19687.94,9301.59
L900 (5).gen,2024-12-18 02:24:31.500	,MS1,106.77859889,-6.27402185,,19,-88.41,11.35,24781.45,10110.42
L900 (5).gen,2024-12-18 02:24:32.500	,MS1,106.77860076,-6.27395555,,19,-88.02,10.88,30186.73,8899.47
L900 (5).gen,2024-12-18 02:24:33.500	,MS1,106.77859938,-6.27388523,,19,-84.97,15.02,31190.02,7054.30
L900 (5).gen,2024-12-18 02:24:34.500	,MS1,106.77859891,-6.27381703,,19,-85.24,14.62,28204.88,4966.69
L900 (5).gen,2024-12-18 02:24:35.500	,MS1,106.77859898,-6.27374469,,19,-83.79,13.67,28942.02,8471.06
L900 (5).gen,2024-12-18 02:24:36.500	,MS1,106.77859667,-6.27367248,,19,-86.29,10.83,27040.17,4917.02
L900 (5).gen,2024-12-18 02:24:37.500	,MS1,106.77859525,-6.27360315,,19,-90.42,11.02,24428.00,4916.50
L900 (5).gen,2024-12-18 02:24:38.500	,MS1,106.77859122,-6.27353674,,19,-92.17,10.62,22191.91,5872.57
L900 (5).gen,2024-12-18 02:24:39.500	,MS1,106.77858655,-6.27346640,,19,-94.53,8.17,18242.16,6167.20
L900 (5).gen,2024-12-18 02:24:40.500	,MS1,106.77858295,-6.27340131,,19,-94.21,10.67,24770.43,6591.26
L900 (5).gen,2024-12-18 02:24:41.500	,MS1,106.77858160,-6.27334381,,19,-93.84,10.88,24442.77,5685.74
L900 (5).gen,2024-12-18 02:24:42.500	,MS1,106.77858428,-6.27329264,,19,-95.68,9.92,25744.37,4771.96
L900 (5).gen,2024-12-18 02:24:43.500	,MS1,106.77858568,-6.27324412,,19,-94.70,10.04,21595.10,5102.66
L900 (5).gen,2024-12-18 02:24:44.500	,MS1,106.77858688,-6.27319841,,19,-94.34,7.10,19177.91,6088.35
L900 (5).gen,2024-12-18 02:24:45.500	,MS1,106.77858774,-6.27315436,,19,-93.36,6.81,17306.67,5317.56
L900 (5).gen,2024-12-18 02:24:46.500	,MS1,106.77859010,-6.27311241,,19,-91.28,8.58,22320.65,9684.92
L900 (5).gen,2024-12-18 02:24:47.500	,MS1,106.77859295,-6.27307317,,19,-90.29,4.71,19415.89,7304.33
L900 (5).gen,2024-12-18 02:24:48.500	,MS1,106.77859422,-6.27303832,,19,-90.68,5.04,13661.47,7339.97
L900 (5).gen,2024-12-18 02:24:49.500	,MS1,106.77859539,-6.27300713,,19,-90.36,6.54,19187.20,15581.09
L900 (5).gen,2024-12-18 02:24:50.500	,MS1,106.77859846,-6.27298149,,19,-90.94,7.13,19576.45,13846.12
L900 (5).gen,2024-12-18 02:24:51.500	,MS1,106.77860155,-6.27296126,,19,-89.73,10.44,29449.57,9618.31
L900 (5).gen,2024-12-18 02:24:52.500	,MS1,106.77860540,-6.27294385,,19,-91.49,8.44,24707.30,5976.93
L900 (5).gen,2024-12-18 02:24:53.500	,MS1,106.77860919,-6.27292667,,19,-89.26,10.88,30332.48,12565.02
L900 (5).gen,2024-12-18 02:24:54.500	,MS1,106.77860954,-6.27290685,,19,-86.35,10.83,28280.28,10447.86
L900 (5).gen,2024-12-18 02:24:55.500	,MS1,106.77861199,-6.27288657,,19,-89.27,7.73,23433.63,7992.37
L900 (5).gen,2024-12-18 02:24:56.500	,MS1,106.77861158,-6.27286552,,19,-87.76,8.19,22350.65,6239.49
L900 (5).gen,2024-12-18 02:24:57.500	,MS1,106.77861222,-6.27284590,,19,-87.06,9.29,22957.82,7768.18
L900 (5).gen,2024-12-18 02:24:58.500	,MS1,106.77861404,-6.27282685,,19,-90.07,7.40,24472.19,7869.95
L900 (5).gen,2024-12-18 02:24:59.500	,MS1,106.77861721,-6.27280781,,19,-89.13,7.29,18867.87,7626.64
L900 (5).gen,2024-12-18 02:25:00.500	,MS1,106.77862347,-6.27279037,,19,-87.76,5.56,21653.48,8450.41
L900 (5).gen,2024-12-18 02:25:01.500	,MS1,106.77863253,-6.27277757,,19,-85.93,6.75,22703.63,8644.13
L900 (5).gen,2024-12-18 02:25:02.500	,MS1,106.77864651,-6.27277096,,19,-85.81,8.37,24057.95,8614.86
L900 (5).gen,2024-12-18 02:25:03.500	,MS1,106.77866682,-6.27277066,,19,-88.09,9.08,27672.90,8359.69
L900 (5).gen,2024-12-18 02:25:04.500	,MS1,106.77868663,-6.27278112,,19,-89.83,7.44,23390.97,5522.89
L900 (5).gen,2024-12-18 02:25:05.500	,MS1,106.77870322,-6.27280200,,19,-90.02,4.98,19357.33,5568.65
L900 (5).gen,2024-12-18 02:25:06.500	,MS1,106.77871100,-6.27283297,,19,-89.98,6.46,20456.46,8436.78
L900 (5).gen,2024-12-18 02:25:07.500	,MS1,106.77870570,-6.27286589,,19,-88.60,8.21,24261.18,8567.56
L900 (5).gen,2024-12-18 02:25:08.500	,MS1,106.77869299,-6.27289990,,19,-89.36,9.15,20023.71,8010.91
L900 (5).gen,2024-12-18 02:25:09.500	,MS1,106.77867654,-6.27293530,,19,-87.77,7.81,,
L900 (5).gen,2024-12-18 02:25:10.500	,MS1,106.77866210,-6.27296429,,19,-86.80,10.38,,
L900 (1).gen,2024-12-18 02:27:24.500	,MS1,,,,3,-80.05,11.12,,
L900 (1).gen,2024-12-18 02:27:25.500	,MS1,106.77830892,-6.27913359,,3,-80.66,8.25,11025.02,4073.08
L900 (1).gen,2024-12-18 02:27:26.500	,MS1,106.77831232,-6.27912530,,3,-77.36,11.06,23843.58,42387.92
L900 (1).gen,2024-12-18 02:27:27.500	,MS1,106.77831663,-6.27911468,,3,-80.00,9.48,22949.68,29207.92
L900 (1).gen,2024-12-18 02:27:28.500	,MS1,106.77832318,-6.27909947,,3,-79.86,9.44,21832.58,28884.99
L900 (1).gen,2024-12-18 02:27:29.500	,MS1,106.77833066,-6.27907930,,3,-78.81,9.17,19735.88,21488.97
L900 (1).gen,2024-12-18 02:27:30.500	,MS1,106.77834035,-6.27905481,,3,-79.93,10.62,20753.49,24943.41
L900 (1).gen,2024-12-18 02:27:31.500	,MS1,106.77834978,-6.27902827,,3,-81.88,8.17,17996.08,20522.01
L900 (1).gen,2024-12-18 02:27:32.500	,MS1,106.77836048,-6.27900591,,3,-81.27,8.65,19916.33,21145.07
L900 (1).gen,2024-12-18 02:27:33.500	,MS1,106.77836910,-6.27898433,,3,-81.83,7.44,19009.06,17278.30
L900 (1).gen,2024-12-18 02:27:34.500	,MS1,106.77837700,-6.27896565,,3,-82.18,8.21,19432.11,25254.16
L900 (1).gen,2024-12-18 02:27:35.500	,MS1,106.77838447,-6.27894841,,3,-82.69,8.17,19179.96,17803.41
L900 (1).gen,2024-12-18 02:27:36.500	,MS1,106.77839613,-6.27892384,,3,-80.59,11.48,22459.38,18567.96
L900 (1).gen,2024-12-18 02:27:37.500	,MS1,106.77840832,-6.27888918,,3,-80.90,14.40,30454.27,18779.62
L900 (1).gen,2024-12-18 02:27:38.500	,MS1,106.77842125,-6.27884566,,3,-80.36,12.71,29929.73,18723.58
L900 (1).gen,2024-12-18 02:27:39.500	,MS1,106.77843088,-6.27880422,,3,-79.46,12.31,28231.87,23299.30
L900 (1).gen,2024-12-18 02:27:40.500	,MS1,106.77843949,-6.27876394,,3,-82.71,13.12,29291.44,20148.39
L900 (1).gen,2024-12-18 02:27:41.500	,MS1,106.77844844,-6.27872293,,3,-80.02,13.00,29807.06,15591.78
L900 (1).gen,2024-12-18 02:27:42.500	,MS1,106.77845746,-6.27868900,,3,-77.99,14.40,30524.86,16539.68
L900 (1).gen,2024-12-18 02:27:43.500	,MS1,106.77846436,-6.27865848,,3,-76.49,13.71,32743.36,20742.37
L900 (1).gen,2024-12-18 02:27:44.500	,MS1,106.77847578,-6.27863570,,3,-74.97,17.06,37145.82,22917.80
L900 (1).gen,2024-12-18 02:27:45.500	,MS1,106.77849205,-6.27861790,,3,-74.79,18.48,40603.71,22224.20
L900 (1).gen,2024-12-18 02:27:46.500	,MS1,106.77850968,-6.27860661,,3,-76.80,18.50,41231.81,17772.12
L900 (1).gen,2024-12-18 02:27:47.500	,MS1,106.77853097,-6.27860325,,3,-84.83,14.23,34218.88,13360.51
L900 (1).gen,2024-12-18 02:27:48.500	,MS1,106.77855558,-6.27860089,,3,-88.18,14.77,33449.25,13071.84
L900 (1).gen,2024-12-18 02:27:49.500	,MS1,106.77858319,-6.27860416,,3,-89.04,14.10,32821.36,11666.03
L900 (1).gen,2024-12-18 02:27:50.500	,MS1,106.77861649,-6.27861664,,3,-88.33,15.96,33935.82,11462.95
L900 (1).gen,2024-12-18 02:27:51.500	,MS1,106.77865558,-6.27863237,,3,-84.02,16.19,37619.28,13094.49
L900 (1).gen,2024-12-18 02:27:52.500	,MS1,106.77869654,-6.27865083,,3,-82.67,17.33,40100.48,20338.27
L900 (1).gen,2024-12-18 02:27:53.500	,MS1,106.77874125,-6.27866802,,3,-82.12,16.12,37673.39,22809.43
L900 (1).gen,2024-12-18 02:27:54.500	,MS1,106.77878818,-6.27868503,,3,-78.91,19.88,42814.37,18540.87
L900 (1).gen,2024-12-18 02:27:55.500	,MS1,106.77883567,-6.27870197,,3,-82.91,17.92,41847.64,14342.47
L900 (1).gen,2024-12-18 02:27:56.500	,MS1,106.77888391,-6.27871839,,3,-81.32,19.54,46024.51,20136.48
L900 (1).gen,2024-12-18 02:27:57.500	,MS1,106.77893076,-6.27873397,,3,-82.53,20.35,49479.86,18383.97
L900 (1).gen,2024-12-18 02:27:58.500	,MS1,106.77897632,-6.27874795,,3,-80.53,22.77,51630.57,19961.66
L900 (1).gen,2024-12-18 02:27:59.500	,MS1,106.77902040,-6.27876126,,3,-79.17,21.65,47644.86,18458.62
L900 (1).gen,2024-12-18 02:28:00.500	,MS1,106.77907248,-6.27877705,,3,-78.27,23.25,52741.02,20560.35
L900 (1).gen,2024-12-18 02:28:01.500	,MS1,106.77912458,-6.27879367,,3,-78.20,22.54,54534.68,22256.05
L900 (1).gen,2024-12-18 02:28:02.500	,MS1,106.77917677,-6.27880884,,3,-80.62,22.65,56051.89,19122.93
L900 (1).gen,2024-12-18 02:28:03.500	,MS1,106.77922969,-6.27882511,,3,-79.92,21.35,47891.87,17945.82
L900 (1).gen,2024-12-18 02:28:04.500	,MS1,106.77928460,-6.27884396,,3,-79.84,22.50,49443.96,21140.55
L900 (1).gen,2024-12-18 02:28:05.500	,MS1,106.77933907,-6.27886025,,3,-80.76,22.69,56168.19,19777.54
L900 (1).gen,2024-12-18 02:28:06.500	,MS1,106.77939613,-6.27887586,,3,-83.72,22.00,53300.39,13196.76
L900 (1).gen,2024-12-18 02:28:07.500	,MS1,106.77945209,-6.27889283,,3,-83.17,22.00,51305.50,15430.07
L900 (1).gen,2024-12-18 02:28:08.500	,MS1,106.77950605,-6.27890803,,3,-83.40,21.73,53695.49,14498.99
L900 (1).gen,2024-12-18 02:28:09.500	,MS1,106.77956016,-6.27892180,,3,-83.86,21.52,53071.09,14664.38
L900 (1).gen,2024-12-18 02:28:10.500	,MS1,106.77961520,-6.27893637,,3,-84.59,20.40,52971.23,13435.54
L900 (1).gen,2024-12-18 02:28:11.500	,MS1,106.77967281,-6.27894996,,3,-83.78,21.04,48131.74,13409.44
L900 (1).gen,2024-12-18 02:28:12.500	,MS1,106.77973033,-6.27896372,,3,-81.90,19.98,46573.13,14670.89
L900 (1).gen,2024-12-18 02:28:13.500	,MS1,106.77978591,-6.27897746,,3,-81.06,16.88,43045.38,16843.20
L900 (1).gen,2024-12-18 02:28:14.500	,MS1,106.77984671,-6.27899324,,3,-81.23,14.27,35517.67,14448.82
L900 (1).gen,2024-12-18 02:28:15.500	,MS1,106.77990305,-6.27900918,,3,-81.03,16.96,35724.07,19065.24
L900 (1).gen,2024-12-18 02:28:16.500	,MS1,106.77995703,-6.27902534,,3,-81.55,16.44,39855.74,17738.47
L900 (1).gen,2024-12-18 02:28:17.500	,MS1,106.78001122,-6.27904178,,3,-80.69,14.10,30545.07,14170.83
L900 (1).gen,2024-12-18 02:28:18.500	,MS1,106.78006105,-6.27905796,,3,-81.46,13.85,31225.80,13704.84
L900 (1).gen,2024-12-18 02:28:19.500	,MS1,106.78010725,-6.27907461,,3,-81.59,12.71,27384.54,18500.16
L900 (1).gen,2024-12-18 02:28:20.500	,MS1,106.78014221,-6.27908641,,3,-81.42,12.15,28235.13,17898.93
L900 (1).gen,2024-12-18 02:28:21.500	,MS1,106.78017279,-6.27909379,,3,-80.31,12.73,28536.29,16877.59
L900 (1).gen,2024-12-18 02:28:22.500	,MS1,106.78020083,-6.27909309,,3,-81.27,10.46,25592.78,15622.16
L900 (1).gen,2024-12-18 02:28:23.500	,MS1,106.78022385,-6.27908016,,3,-78.09,11.33,23772.93,18846.79
L900 (1).gen,2024-12-18 02:28:24.500	,MS1,106.78024487,-6.27905288,,3,-80.06,10.46,24417.60,21760.77
L900 (1).gen,2024-12-18 02:28:25.500	,MS1,106.78026338,-6.27900962,,3,-80.91,10.71,24394.71,19291.44
L900 (1).gen,2024-12-18 02:28:26.500	,MS1,106.78027737,-6.27895150,,3,-81.56,12.46,29802.39,18934.23
L900 (1).gen,2024-12-18 02:28:27.500	,MS1,106.78028657,-6.27888353,,3,-84.41,12.94,28019.07,13971.49
L900 (1).gen,2024-12-18 02:28:28.500	,MS1,106.78029602,-6.27881364,,3,-87.86,8.54,21456.50,10264.36
L900 (1).gen,2024-12-18 02:28:29.500	,MS1,106.78030952,-6.27874948,,3,-88.07,8.40,20387.33,11369.02
L900 (1).gen,2024-12-18 02:28:30.500	,MS1,106.78032338,-6.27868984,,3,-87.59,7.35,19502.81,12938.05
L900 (1).gen,2024-12-18 02:28:31.500	,MS1,106.78033859,-6.27863098,,3,-86.23,7.96,18912.58,13153.89
L900 (1).gen,2024-12-18 02:28:32.500	,MS1,106.78035715,-6.27857680,,3,-86.74,8.67,20447.23,12394.84
L900 (1).gen,2024-12-18 02:28:33.500	,MS1,106.78037459,-6.27852197,,3,-85.57,7.77,19138.04,8772.96
L900 (1).gen,2024-12-18 02:28:34.500	,MS1,106.78039623,-6.27846784,,3,-88.75,6.77,19610.11,10282.06
L900 (1).gen,2024-12-18 02:28:35.500	,MS1,106.78042049,-6.27841290,,3,-89.15,3.52,14511.94,8353.22
L900 (1).gen,2024-12-18 02:28:36.500	,MS1,106.78044384,-6.27835171,,3,-90.34,4.31,15812.40,8162.07
L900 (1).gen,2024-12-18 02:28:37.500	,MS1,106.78046379,-6.27829017,,3,-91.56,4.33,15948.77,3025.64
L900 (1).gen,2024-12-18 02:28:38.500	,MS1,106.78048463,-6.27822867,,3,-92.42,4.02,18168.16,2378.38
L900 (1).gen,2024-12-18 02:28:39.500	,MS1,106.78050614,-6.27816069,,3,-94.06,3.38,13955.04,2526.43
L900 (1).gen,2024-12-18 02:28:40.500	,MS1,106.78052343,-6.27810033,,368,-91.79,8.44,19727.65,7974.85
L900 (1).gen,2024-12-18 02:28:41.500	,MS1,106.78054335,-6.27803909,,368,-91.88,7.38,18231.02,16068.60
L900 (1).gen,2024-12-18 02:28:42.500	,MS1,106.78056422,-6.27797934,,368,-91.78,9.02,21217.95,20948.45
L900 (1).gen,2024-12-18 02:28:43.500	,MS1,106.78058301,-6.27791920,,368,-90.43,12.94,26644.97,20906.52
L900 (1).gen,2024-12-18 02:28:44.500	,MS1,106.78060353,-6.27785981,,368,-89.78,11.65,34233.91,20037.89
L900 (1).gen,2024-12-18 02:28:45.500	,MS1,106.78062298,-6.27780392,,368,-87.03,14.17,35394.39,27497.14
L900 (1).gen,2024-12-18 02:28:46.500	,MS1,106.78064282,-6.27775294,,368,-84.05,17.12,41877.59,27651.17
L900 (1).gen,2024-12-18 02:28:47.500	,MS1,106.78065915,-6.27769970,,368,-82.48,21.15,50858.40,33226.88
L900 (1).gen,2024-12-18 02:28:48.500	,MS1,106.78067284,-6.27765024,,368,-78.00,22.56,55751.83,31938.24
L900 (1).gen,2024-12-18 02:28:49.500	,MS1,106.78068464,-6.27760847,,368,-73.02,22.63,53386.69,32331.71
L900 (1).gen,2024-12-18 02:28:50.500	,MS1,106.78069890,-6.27757298,,368,-73.93,19.02,52070.44,32636.93
L900 (1).gen,2024-12-18 02:28:51.500	,MS1,106.78070588,-6.27754418,,368,-69.03,21.94,51635.38,26146.87
L900 (1).gen,2024-12-18 02:28:52.500	,MS1,106.78071574,-6.27751764,,368,-69.44,20.17,51761.96,31161.32
L900 (1).gen,2024-12-18 02:28:53.500	,MS1,106.78072704,-6.27748571,,368,-71.73,22.48,51500.12,29179.62
L900 (1).gen,2024-12-18 02:28:54.500	,MS1,106.78073802,-6.27745096,,368,-74.10,21.29,49820.46,27215.01
L900 (1).gen,2024-12-18 02:28:55.500	,MS1,106.78074722,-6.27741742,,368,-72.42,22.88,54168.46,32635.29
L900 (1).gen,2024-12-18 02:28:56.500	,MS1,106.78075838,-6.27738067,,368,-76.32,22.50,53698.91,28810.02
L900 (1).gen,2024-12-18 02:28:57.500	,MS1,106.78076867,-6.27734165,,368,-80.98,18.04,47062.20,26585.43
L900 (1).gen,2024-12-18 02:28:58.500	,MS1,106.78077836,-6.27730337,,368,-80.96,14.98,40269.52,24560.43
L900 (1).gen,2024-12-18 02:28:59.500	,MS1,106.78079019,-6.27725546,,368,-81.19,16.40,42611.18,26330.09
L900 (1).gen,2024-12-18 02:29:00.500	,MS1,106.78080339,-6.27720032,,368,-81.17,16.94,42751.78,28567.74
L900 (1).gen,2024-12-18 02:29:01.500	,MS1,106.78082055,-6.27713421,,368,-78.40,16.88,35221.07,30898.70
L900 (1).gen,2024-12-18 02:29:02.500	,MS1,106.78083476,-6.27706227,,368,-83.21,14.94,33478.07,31197.03
L900 (1).gen,2024-12-18 02:29:03.500	,MS1,106.78084453,-6.27699532,,368,-85.36,14.67,35417.39,27078.32
L900 (1).gen,2024-12-18 02:29:04.500	,MS1,106.78085409,-6.27692953,,368,-85.48,15.33,31855.43,24454.23
L900 (1).gen,2024-12-18 02:29:05.500	,MS1,106.78087097,-6.27686534,,368,-86.85,16.33,40483.01,26847.01
L900 (1).gen,2024-12-18 02:29:06.500	,MS1,106.78089042,-6.27680286,,368,-88.40,14.58,37745.94,26061.52
L900 (1).gen,2024-12-18 02:29:07.500	,MS1,106.78091050,-6.27674214,,368,-92.18,11.79,36670.02,21244.61
L900 (1).gen,2024-12-18 02:29:08.500	,MS1,106.78092590,-6.27668083,,368,-95.80,5.98,25227.52,11423.90
L900 (1).gen,2024-12-18 02:29:09.500	,MS1,106.78094166,-6.27662023,,368,-100.18,3.50,18454.53,12070.85
L900 (1).gen,2024-12-18 02:29:10.500	,MS1,106.78096219,-6.27656348,,368,-100.84,2.96,17416.91,12378.29
L900 (1).gen,2024-12-18 02:29:11.500	,MS1,106.78098413,-6.27650232,,368,-102.77,1.10,13230.96,10575.02
L900 (1).gen,2024-12-18 02:29:12.500	,MS1,106.78100640,-6.27643768,,368,-102.52,3.00,12785.89,11916.03
L900 (1).gen,2024-12-18 02:29:13.500	,MS1,106.78102833,-6.27636828,,368,-102.52,2.08,15616.22,12460.32
L900 (1).gen,2024-12-18 02:29:14.500	,MS1,106.78104874,-6.27630023,,368,-102.06,0.90,15501.08,10923.89
L900 (1).gen,2024-12-18 02:29:15.500	,MS1,106.78106693,-6.27623263,,368,-99.88,4.25,20176.63,13861.06
L900 (1).gen,2024-12-18 02:29:16.500	,MS1,106.78108266,-6.27616422,,368,-98.12,5.62,18840.80,13657.92
L900 (1).gen,2024-12-18 02:29:17.500	,MS1,106.78109521,-6.27610503,,368,-98.71,7.04,19618.59,16802.63
L900 (1).gen,2024-12-18 02:29:18.500	,MS1,106.78110923,-6.27604591,,368,-100.41,8.54,24375.38,13106.11
L900 (1).gen,2024-12-18 02:29:19.500	,MS1,106.78112252,-6.27598683,,368,-99.81,9.40,21346.52,10254.88
L900 (1).gen,2024-12-18 02:29:20.500	,MS1,106.78113450,-6.27592984,,368,-99.38,6.94,19382.83,14560.25
L900 (1).gen,2024-12-18 02:29:21.500	,MS1,106.78114602,-6.27587763,,368,-98.04,7.15,16424.03,12811.78
L900 (1).gen,2024-12-18 02:29:22.500	,MS1,106.78115806,-6.27582898,,368,-98.19,4.75,15283.28,19003.21
L900 (1).gen,2024-12-18 02:29:23.500	,MS1,106.78116811,-6.27579075,,368,-96.56,5.04,19240.49,20307.96
L900 (1).gen,2024-12-18 02:29:24.500	,MS1,106.78117768,-6.27575809,,368,-97.87,3.15,20140.12,14689.85
L900 (1).gen,2024-12-18 02:29:25.500	,MS1,106.78118245,-6.27572840,,368,-97.24,2.21,18207.49,11107.21
L900 (1).gen,2024-12-18 02:29:26.500	,MS1,106.78117576,-6.27569704,,368,-98.06,1.92,16167.43,12647.46
L900 (1).gen,2024-12-18 02:29:27.500	,MS1,106.78115642,-6.27567372,,368,-97.30,4.65,21142.88,26258.84
L900 (1).gen,2024-12-18 02:29:28.500	,MS1,106.78112322,-6.27565303,,368,-98.01,3.52,20672.94,14616.73
L900 (1).gen,2024-12-18 02:29:29.500	,MS1,106.78108034,-6.27564074,,368,-99.78,3.83,19563.53,13245.80
L900 (1).gen,2024-12-18 02:29:30.500	,MS1,106.78103162,-6.27563192,,368,-103.52,0.81,13895.38,8911.98
L900 (1).gen,2024-12-18 02:29:31.500	,MS1,106.78097608,-6.27562646,,368,-106.00,-1.46,9509.69,4833.38
L900 (1).gen,2024-12-18 02:29:32.500	,MS1,106.78091212,-6.27561912,,503,-106.26,-2.00,5123.27,2200.47
L900 (1).gen,2024-12-18 02:29:33.500	,MS1,106.78085385,-6.27560811,,3,-103.57,-0.62,4561.29,4355.20
L900 (1).gen,2024-12-18 02:29:34.500	,MS1,106.78080281,-6.27559538,,3,-101.74,0.27,11894.14,3698.95
L900 (1).gen,2024-12-18 02:29:35.500	,MS1,106.78076339,-6.27558478,,3,-99.42,2.25,13780.40,1388.90
L900 (1).gen,2024-12-18 02:29:36.500	,MS1,106.78072858,-6.27557944,,3,-98.93,3.17,16563.94,1623.66
L900 (1).gen,2024-12-18 02:29:37.500	,MS1,106.78069705,-6.27557298,,3,-99.58,0.50,14060.40,3051.50
L900 (1).gen,2024-12-18 02:29:38.500	,MS1,106.78065885,-6.27556303,,3,-101.84,0.25,9029.49,4294.39
L900 (1).gen,2024-12-18 02:29:39.500	,MS1,106.78061765,-6.27555296,,19,-99.34,4.77,9942.38,2239.17
L900 (1).gen,2024-12-18 02:29:40.500	,MS1,106.78056520,-6.27553786,,19,-100.91,-0.04,11087.82,5753.70
L900 (1).gen,2024-12-18 02:29:41.500	,MS1,106.78051204,-6.27552206,,19,-96.88,2.27,11940.60,4931.76
L900 (1).gen,2024-12-18 02:29:42.500	,MS1,106.78045403,-6.27550166,,19,-99.03,0.15,8657.97,3731.44
L900 (1).gen,2024-12-18 02:29:43.500	,MS1,106.78040253,-6.27548567,,19,-97.98,-0.60,7393.51,3125.08
L900 (1).gen,2024-12-18 02:29:44.500	,MS1,106.78035892,-6.27547322,,19,-98.56,0.65,10214.49,6418.61
L900 (1).gen,2024-12-18 02:29:45.500	,MS1,106.78032137,-6.27546628,,19,-98.23,1.12,8588.62,4236.49
L900 (1).gen,2024-12-18 02:29:46.500	,MS1,106.78028564,-6.27545794,,19,-98.97,-2.35,5921.22,2437.54
L900 (1).gen,2024-12-18 02:29:47.500	,MS1,106.78025694,-6.27545013,,23,-96.91,-0.12,4211.17,2742.99
L900 (1).gen,2024-12-18 02:29:48.500	,MS1,106.78021173,-6.27543763,,23,-101.68,-2.48,4201.16,6192.47
L900 (1).gen,2024-12-18 02:29:49.500	,MS1,106.78017029,-6.27542682,,354,-102.17,-1.54,7805.66,7219.52
L900 (1).gen,2024-12-18 02:29:50.500	,MS1,106.78013322,-6.27541604,,354,-103.29,-1.17,13017.10,5023.94
L900 (1).gen,2024-12-18 02:29:51.500	,MS1,106.78008730,-6.27540572,,368,-103.48,-0.98,10770.57,5835.69
L900 (1).gen,2024-12-18 02:29:52.500	,MS1,106.78003536,-6.27539552,,368,-103.32,-1.42,9305.80,5150.01
L900 (1).gen,2024-12-18 02:29:53.500	,MS1,106.77998086,-6.27538311,,368,-100.65,1.50,12957.83,7362.46
L900 (1).gen,2024-12-18 02:29:54.500	,MS1,106.77992694,-6.27536810,,368,-97.84,3.27,16569.25,13174.14
L900 (1).gen,2024-12-18 02:29:55.500	,MS1,106.77987837,-6.27535424,,368,-96.17,4.52,17258.52,12458.55
L900 (1).gen,2024-12-18 02:29:56.500	,MS1,106.77983789,-6.27534333,,368,-94.82,3.60,19591.51,19317.59
L900 (1).gen,2024-12-18 02:29:57.500	,MS1,106.77980030,-6.27533333,,368,-95.33,2.63,18591.62,17247.42
L900 (1).gen,2024-12-18 02:29:58.500	,MS1,106.77976116,-6.27532431,,368,-95.78,-3.32,14088.41,14161.29
L900 (1).gen,2024-12-18 02:29:59.500	,MS1,106.77972388,-6.27531515,,3,-98.44,-1.11,5121.58,6880.87
L900 (1).gen,2024-12-18 02:30:00.500	,MS1,106.77967685,-6.27529913,,19,-98.78,1.21,8146.45,4863.94
L900 (1).gen,2024-12-18 02:30:01.500	,MS1,106.77964179,-6.27528461,,368,-100.50,-0.94,9211.42,3014.61
L900 (1).gen,2024-12-18 02:30:02.500	,MS1,106.77961201,-6.27527129,,19,-94.89,6.33,9062.15,7405.38
L900 (1).gen,2024-12-18 02:30:03.500	,MS1,106.77957060,-6.27525571,,19,-101.17,-0.02,7069.89,2999.70
L900 (1).gen,2024-12-18 02:30:04.500	,MS1,106.77953430,-6.27524412,,23,-101.04,-1.37,5688.34,3860.38
L900 (1).gen,2024-12-18 02:30:05.500	,MS1,106.77947014,-6.27522095,,354,-104.73,-2.83,6138.45,2997.95
L900 (1).gen,2024-12-18 02:30:06.500	,MS1,106.77941909,-6.27520332,,19,-101.29,1.75,9976.26,3631.58
L900 (1).gen,2024-12-18 02:30:07.500	,MS1,106.77937113,-6.27518803,,19,-99.91,3.42,11768.95,5121.67
L900 (1).gen,2024-12-18 02:30:08.500	,MS1,106.77931204,-6.27517131,,19,-101.43,3.60,10964.26,4852.51
L900 (1).gen,2024-12-18 02:30:09.500	,MS1,106.77925168,-6.27515517,,19,-104.51,2.15,8878.85,4092.12
L900 (1).gen,2024-12-18 02:30:10.500	,MS1,106.77919803,-6.27514306,,19,-104.01,4.17,11384.33,3635.60
L900 (1).gen,2024-12-18 02:30:11.500	,MS1,106.77914397,-6.27513179,,19,-103.44,4.96,16160.77,2048.41
L900 (1).gen,2024-12-18 02:30:12.500	,MS1,106.77909506,-6.27512239,,19,-102.86,4.29,12490.33,1842.38
L900 (1).gen,2024-12-18 02:30:13.500	,MS1,106.77905283,-6.27511556,,19,-100.33,7.77,16932.74,4661.97
L900 (1).gen,2024-12-18 02:30:14.500	,MS1,106.77901566,-6.27510915,,19,-101.08,4.67,12951.23,1949.25
L900 (1).gen,2024-12-18 02:30:15.500	,MS1,106.77898953,-6.27510483,,19,-98.21,7.25,13672.22,4971.30
L900 (1).gen,2024-12-18 02:30:16.500	,MS1,106.77896610,-6.27510308,,19,-99.49,6.15,19434.93,4085.95
L900 (1).gen,2024-12-18 02:30:17.500	,MS1,106.77894618,-6.27510285,,19,-101.09,4.29,14726.52,2746.41
L900 (1).gen,2024-12-18 02:30:18.500	,MS1,106.77892612,-6.27510496,,23,-101.43,1.60,10009.63,1306.94
L900 (1).gen,2024-12-18 02:30:19.500	,MS1,106.77890440,-6.27511230,,23,-104.21,-0.88,6971.24,1291.45
L900 (1).gen,2024-12-18 02:30:20.500	,MS1,106.77888526,-6.27513269,,368,-103.53,0.75,11081.36,2562.63
L900 (1).gen,2024-12-18 02:30:21.500	,MS1,106.77886485,-6.27516228,,368,-107.06,-4.00,6068.04,1268.65
L900 (1).gen,2024-12-18 02:30:22.500	,MS1,106.77883802,-6.27520169,,19,-105.01,0.33,9738.21,5787.13
L900 (1).gen,2024-12-18 02:30:23.500	,MS1,106.77881405,-6.27524331,,19,-101.44,4.48,14259.88,8211.47
L900 (1).gen,2024-12-18 02:30:24.500	,MS1,106.77878981,-6.27528726,,19,-95.23,8.62,12806.03,4287.50
L900 (1).gen,2024-12-18 02:30:25.500	,MS1,106.77876499,-6.27533232,,19,-96.31,5.15,16363.86,6376.47
L900 (1).gen,2024-12-18 02:30:26.500	,MS1,106.77874315,-6.27537277,,19,-97.22,3.21,13217.21,3827.85
L900 (1).gen,2024-12-18 02:30:27.500	,MS1,106.77872532,-6.27540745,,19,-98.10,2.12,11269.77,1880.06
L900 (1).gen,2024-12-18 02:30:28.500	,MS1,106.77871165,-6.27543625,,19,-96.86,2.62,11314.13,3147.47
L900 (1).gen,2024-12-18 02:30:29.500	,MS1,106.77869719,-6.27546110,,19,-97.54,2.42,13938.03,2815.39
L900 (1).gen,2024-12-18 02:30:30.500	,MS1,106.77868383,-6.27548294,,19,-97.85,4.54,13118.86,8659.28
L900 (1).gen,2024-12-18 02:30:31.500	,MS1,106.77866815,-6.27551006,,19,-99.40,4.25,12428.80,2799.20
L900 (1).gen,2024-12-18 02:30:32.500	,MS1,106.77865006,-6.27553962,,19,-102.61,2.73,10518.26,2162.57
L900 (1).gen,2024-12-18 02:30:33.500	,MS1,106.77862565,-6.27557639,,19,-101.32,3.02,10282.23,1727.94
L900 (1).gen,2024-12-18 02:30:34.500	,MS1,106.77860080,-6.27561431,,19,-101.24,0.98,13488.58,3722.25
L900 (1).gen,2024-12-18 02:30:35.500	,MS1,106.77856799,-6.27565647,,19,-101.69,-0.25,11124.49,3491.61
L900 (1).gen,2024-12-18 02:30:36.500	,MS1,106.77854084,-6.27569547,,157,-100.57,5.50,17690.58,5875.92
L900 (1).gen,2024-12-18 02:30:37.500	,MS1,106.77851490,-6.27573915,,157,-100.71,6.21,20120.19,7265.74
L900 (1).gen,2024-12-18 02:30:38.500	,MS1,106.77848888,-6.27578022,,157,-101.39,4.88,17482.65,7611.72
L900 (1).gen,2024-12-18 02:30:39.500	,MS1,106.77846259,-6.27581911,,157,-100.41,5.13,17685.72,7597.55
L900 (1).gen,2024-12-18 02:30:40.500	,MS1,106.77843795,-6.27585673,,157,-98.60,8.21,21552.73,10256.06
L900 (1).gen,2024-12-18 02:30:41.500	,MS1,106.77842316,-6.27588736,,157,-96.88,9.33,23513.30,12499.05
L900 (1).gen,2024-12-18 02:30:42.500	,MS1,106.77841996,-6.27591258,,157,-96.88,9.31,23384.19,16529.90
L900 (1).gen,2024-12-18 02:30:43.500	,MS1,106.77842587,-6.27593611,,157,-99.20,7.29,20640.78,12874.11
L900 (1).gen,2024-12-18 02:30:44.500	,MS1,106.77843804,-6.27595745,,157,-98.10,8.46,21011.86,12701.38
L900 (1).gen,2024-12-18 02:30:45.500	,MS1,106.77845619,-6.27597993,,157,-103.06,5.21,17494.47,9145.31
L900 (1).gen,2024-12-18 02:30:46.500	,MS1,106.77848381,-6.27600179,,157,-103.98,3.90,16195.69,7553.44
L900 (1).gen,2024-12-18 02:30:47.500	,MS1,106.77851267,-6.27602675,,157,-102.71,4.75,17318.78,4301.56
L900 (1).gen,2024-12-18 02:30:48.500	,MS1,106.77854291,-6.27605328,,157,-102.90,2.90,16967.07,4306.54
L900 (1).gen,2024-12-18 02:30:49.500	,MS1,106.77857287,-6.27608433,,157,-103.11,2.75,7098.25,3983.77
L900 (1).gen,2024-12-18 02:30:50.500	,MS1,106.77860366,-6.27612175,,157,-102.77,2.17,5423.79,5948.21
L900 (1).gen,2024-12-18 02:30:51.500	,MS1,106.77863267,-6.27615777,,157,-102.54,-0.04,5213.53,2333.66
L900 (1).gen,2024-12-18 02:30:52.500	,MS1,106.77865955,-6.27619757,,19,-101.72,-3.02,3081.33,2337.13
L900 (1).gen,2024-12-18 02:30:53.500	,MS1,106.77868228,-6.27623880,,19,-98.55,0.46,5625.73,3332.74
L900 (1).gen,2024-12-18 02:30:54.500	,MS1,106.77870240,-6.27628583,,19,-96.84,0.23,4571.89,2267.47
L900 (1).gen,2024-12-18 02:30:55.500	,MS1,106.77872012,-6.27633395,,19,-97.23,0.10,5933.04,8300.72
L900 (1).gen,2024-12-18 02:30:56.500	,MS1,106.77873387,-6.27638039,,19,-97.85,-0.73,8468.21,2645.25
L900 (1).gen,2024-12-18 02:30:57.500	,MS1,106.77874357,-6.27641842,,19,-96.07,1.12,10548.62,7060.23
L900 (1).gen,2024-12-18 02:30:58.500	,MS1,106.77875307,-6.27645099,,19,-97.03,2.38,10109.92,3902.69
L900 (1).gen,2024-12-18 02:30:59.500	,MS1,106.77876034,-6.27648160,,19,-98.08,2.17,12095.59,4093.69
L900 (1).gen,2024-12-18 02:31:00.500	,MS1,106.77877095,-6.27651018,,19,-99.40,1.35,11512.92,2851.66
L900 (1).gen,2024-12-18 02:31:01.500	,MS1,106.77877993,-6.27653278,,3,-99.14,1.27,9736.20,3319.05
L900 (1).gen,2024-12-18 02:31:02.500	,MS1,106.77879638,-6.27657522,,3,-99.61,0.44,12633.10,4167.58
L900 (1).gen,2024-12-18 02:31:03.500	,MS1,106.77881226,-6.27660873,,3,-97.45,3.48,14695.38,4312.37
L900 (1).gen,2024-12-18 02:31:04.500	,MS1,106.77882740,-6.27664017,,3,-98.88,2.94,14584.02,4313.60
L900 (1).gen,2024-12-18 02:31:05.500	,MS1,106.77884043,-6.27667145,,3,-99.36,4.21,14927.20,4350.94
L900 (1).gen,2024-12-18 02:31:06.500	,MS1,106.77885291,-6.27671204,,3,-103.88,1.17,11603.73,2508.24
L900 (1).gen,2024-12-18 02:31:07.500	,MS1,106.77885747,-6.27675793,,3,-105.30,-0.08,10415.94,1529.35
L900 (1).gen,2024-12-18 02:31:08.500	,MS1,106.77886258,-6.27680132,,3,-106.78,-2.40,7263.07,1211.41
L900 (1).gen,2024-12-18 02:31:09.500	,MS1,106.77886971,-6.27684283,,368,-101.83,2.19,14555.33,4882.26
L900 (1).gen,2024-12-18 02:31:10.500	,MS1,106.77887570,-6.27687809,,368,-102.19,3.77,15043.35,6409.94
L900 (1).gen,2024-12-18 02:31:11.500	,MS1,106.77888629,-6.27691441,,368,-95.93,9.44,24754.90,13108.73
L900 (1).gen,2024-12-18 02:31:12.500	,MS1,106.77889883,-6.27694742,,368,-92.31,12.19,36731.21,19006.74
L900 (1).gen,2024-12-18 02:31:13.500	,MS1,106.77892257,-6.27697671,,368,-93.52,11.48,37337.23,19180.20
L900 (1).gen,2024-12-18 02:31:14.500	,MS1,106.77894846,-6.27699559,,368,-96.60,10.50,42266.88,22538.22
L900 (1).gen,2024-12-18 02:31:15.500	,MS1,106.77897572,-6.27700867,,368,-94.31,14.40,44284.98,24684.46
L900 (1).gen,2024-12-18 02:31:16.500	,MS1,106.77900325,-6.27701602,,368,-85.71,17.02,51001.91,27764.96
L900 (1).gen,2024-12-18 02:31:17.500	,MS1,106.77903443,-6.27702558,,368,-84.64,17.54,46162.04,33684.50
L900 (1).gen,2024-12-18 02:31:18.500	,MS1,106.77906750,-6.27703524,,368,-88.17,14.27,52935.75,26738.17
L900 (1).gen,2024-12-18 02:31:19.500	,MS1,106.77910113,-6.27704418,,368,-91.21,12.06,46463.65,20647.34
L900 (1).gen,2024-12-18 02:31:20.500	,MS1,106.77913453,-6.27705092,,368,-88.24,13.65,35636.01,21371.22
L900 (1).gen,2024-12-18 02:31:21.500	,MS1,106.77916232,-6.27705515,,368,-91.87,9.54,29673.88,21804.08
L900 (1).gen,2024-12-18 02:31:22.500	,MS1,106.77918641,-6.27705924,,368,-87.96,12.31,34636.36,29551.63
L900 (1).gen,2024-12-18 02:31:23.500	,MS1,106.77920602,-6.27706641,,368,-76.83,21.02,45694.88,23207.43
L900 (1).gen,2024-12-18 02:31:24.500	,MS1,106.77922089,-6.27707731,,368,-82.22,13.50,37913.02,24112.13
L900 (1).gen,2024-12-18 02:31:25.500	,MS1,106.77923321,-6.27709436,,368,-86.82,8.29,16852.55,20652.52
L900 (1).gen,2024-12-18 02:31:26.500	,MS1,106.77924181,-6.27711715,,368,-90.65,6.69,17944.43,22488.10
L900 (1).gen,2024-12-18 02:31:27.500	,MS1,106.77924479,-6.27714244,,368,-92.01,6.54,21591.34,27128.79
L900 (1).gen,2024-12-18 02:31:28.500	,MS1,106.77924119,-6.27717610,,368,-90.64,5.17,16829.05,13731.12
L900 (1).gen,2024-12-18 02:31:29.500	,MS1,106.77923028,-6.27721238,,3,-84.65,12.08,9230.45,9674.92
L900 (1).gen,2024-12-18 02:31:30.500	,MS1,106.77921651,-6.27725490,,3,-88.00,9.79,9380.32,7443.52
L900 (1).gen,2024-12-18 02:31:31.500	,MS1,106.77920355,-6.27729270,,3,-80.55,15.52,32680.44,15399.18
L900 (1).gen,2024-12-18 02:31:32.500	,MS1,106.77918811,-6.27733590,,3,-79.92,15.02,39436.86,12711.37
L900 (1).gen,2024-12-18 02:31:33.500	,MS1,106.77917123,-6.27738284,,3,-85.67,4.08,18169.55,9567.54
L900 (1).gen,2024-12-18 02:31:34.500	,MS1,106.77914862,-6.27743052,,3,-83.47,10.12,22250.00,19539.68
L900 (1).gen,2024-12-18 02:31:35.500	,MS1,106.77912809,-6.27747944,,3,-86.55,9.04,25347.97,16278.72
L900 (1).gen,2024-12-18 02:31:36.500	,MS1,106.77911550,-6.27752149,,3,-77.90,17.12,45007.15,17630.59
L900 (1).gen,2024-12-18 02:31:37.500	,MS1,106.77910901,-6.27755041,,3,-81.12,12.44,27785.47,15670.56
L900 (1).gen,2024-12-18 02:31:38.500	,MS1,106.77910515,-6.27756991,,3,-80.99,12.60,36530.32,12754.18
L900 (1).gen,2024-12-18 02:31:39.500	,MS1,106.77909920,-6.27758361,,3,-80.59,13.33,38328.74,13740.41
L900 (1).gen,2024-12-18 02:31:40.500	,MS1,106.77908911,-6.27759355,,3,-78.15,13.19,30856.74,14964.72
L900 (1).gen,2024-12-18 02:31:41.500	,MS1,106.77907328,-6.27760265,,3,-78.19,12.15,29022.52,16815.04
L900 (1).gen,2024-12-18 02:31:42.500	,MS1,106.77904732,-6.27760298,,3,-73.81,15.23,38759.97,22877.97
L900 (1).gen,2024-12-18 02:31:43.500	,MS1,106.77901418,-6.27759737,,3,-78.38,12.44,29364.70,17942.41
L900 (1).gen,2024-12-18 02:31:44.500	,MS1,106.77897025,-6.27758381,,3,-78.70,11.81,27767.27,16651.38
L900 (1).gen,2024-12-18 02:31:45.500	,MS1,106.77893027,-6.27756584,,3,-77.28,12.73,26935.01,19219.70
L900 (1).gen,2024-12-18 02:31:46.500	,MS1,106.77888876,-6.27755107,,3,-81.76,10.02,24830.90,19545.54
L900 (1).gen,2024-12-18 02:31:47.500	,MS1,106.77884264,-6.27754380,,3,-82.39,8.98,22671.37,16711.58
L900 (1).gen,2024-12-18 02:31:48.500	,MS1,106.77879913,-6.27754555,,3,-84.74,7.98,22566.73,16321.50
L900 (1).gen,2024-12-18 02:31:49.500	,MS1,106.77875258,-6.27755580,,3,-84.09,9.52,25515.62,11740.64
L900 (1).gen,2024-12-18 02:31:50.500	,MS1,106.77870959,-6.27757475,,3,-85.93,8.06,24200.94,12511.96
L900 (1).gen,2024-12-18 02:31:51.500	,MS1,106.77867089,-6.27759969,,3,-84.26,8.58,23548.54,12116.82
L900 (1).gen,2024-12-18 02:31:52.500	,MS1,106.77864060,-6.27762552,,3,-84.65,8.52,24028.79,14978.97
L900 (1).gen,2024-12-18 02:31:53.500	,MS1,106.77861538,-6.27765916,,3,-83.96,8.19,21170.51,14048.83
L900 (1).gen,2024-12-18 02:31:54.500	,MS1,106.77859994,-6.27769464,,3,-85.02,7.23,22978.92,10569.97
L900 (1).gen,2024-12-18 02:31:55.500	,MS1,106.77859453,-6.27773789,,3,-85.97,6.81,20633.22,10173.68
L900 (1).gen,2024-12-18 02:31:56.500	,MS1,106.77859913,-6.27778085,,3,-85.40,3.40,14869.43,9014.47
L900 (1).gen,2024-12-18 02:31:57.500	,MS1,106.77861078,-6.27781643,,368,-85.52,5.06,12449.44,13986.86
L900 (1).gen,2024-12-18 02:31:58.500	,MS1,106.77863159,-6.27785442,,368,-83.45,5.85,16739.99,17673.84
L900 (1).gen,2024-12-18 02:31:59.500	,MS1,106.77866171,-6.27789517,,368,-87.27,3.65,11506.65,14185.14
L900 (1).gen,2024-12-18 02:32:00.500	,MS1,106.77869040,-6.27793060,,3,-83.06,11.08,23679.94,20439.46
L900 (1).gen,2024-12-18 02:32:01.500	,MS1,106.77871915,-6.27796880,,3,-80.96,12.33,23474.29,14579.44
L900 (1).gen,2024-12-18 02:32:02.500	,MS1,106.77874707,-6.27799945,,3,-82.23,12.50,31849.90,16918.45
L900 (1).gen,2024-12-18 02:32:03.500	,MS1,106.77877762,-6.27802726,,3,-81.49,12.60,31302.15,15103.13
L900 (1).gen,2024-12-18 02:32:04.500	,MS1,106.77880782,-6.27805639,,3,-83.80,10.38,26825.53,12253.25
L900 (1).gen,2024-12-18 02:32:05.500	,MS1,106.77882891,-6.27808707,,3,-82.62,11.81,22347.85,14263.10
L900 (1).gen,2024-12-18 02:32:06.500	,MS1,106.77883939,-6.27811841,,3,-82.76,13.77,35758.50,15838.70
L900 (1).gen,2024-12-18 02:32:07.500	,MS1,106.77883898,-6.27815487,,3,-84.35,14.77,36762.57,13919.26
L900 (1).gen,2024-12-18 02:32:08.500	,MS1,106.77882632,-6.27818845,,3,-83.44,15.27,35054.57,9298.03
L900 (1).gen,2024-12-18 02:32:09.500	,MS1,106.77880682,-6.27821732,,3,-85.27,15.90,36316.52,13707.92
L900 (1).gen,2024-12-18 02:32:10.500	,MS1,106.77878465,-6.27824306,,3,-85.34,16.17,37728.58,14693.86
L900 (1).gen,2024-12-18 02:32:11.500	,MS1,106.77876571,-6.27826749,,3,-83.02,16.71,36558.45,13063.42
L900 (1).gen,2024-12-18 02:32:12.500	,MS1,106.77874392,-6.27829281,,3,-81.83,16.54,37428.73,13745.66
L900 (1).gen,2024-12-18 02:32:13.500	,MS1,106.77871928,-6.27831991,,3,-82.39,15.31,32691.19,16574.44
L900 (1).gen,2024-12-18 02:32:14.500	,MS1,106.77869392,-6.27834988,,3,-84.18,16.38,31294.99,12683.01
L900 (1).gen,2024-12-18 02:32:15.500	,MS1,106.77866765,-6.27838578,,3,-83.05,15.71,30880.42,16720.45
L900 (1).gen,2024-12-18 02:32:16.500	,MS1,106.77863849,-6.27842604,,3,-82.38,15.56,31941.12,18626.05
L900 (1).gen,2024-12-18 02:32:17.500	,MS1,106.77861173,-6.27846738,,3,-80.04,17.71,36260.41,21075.59
L900 (1).gen,2024-12-18 02:32:18.500	,MS1,106.77859087,-6.27849865,,3,-81.33,17.90,33834.30,19947.20
L900 (1).gen,2024-12-18 02:32:19.500	,MS1,106.77857647,-6.27852309,,3,-80.38,15.31,30755.38,22969.68
L900 (1).gen,2024-12-18 02:32:20.500	,MS1,106.77856503,-6.27854419,,3,-78.91,16.08,31846.65,24469.39
L900 (1).gen,2024-12-18 02:32:21.500	,MS1,106.77855339,-6.27856741,,3,-76.60,18.02,34159.12,20703.80
L900 (1).gen,2024-12-18 02:32:22.500	,MS1,106.77854025,-6.27859533,,3,-70.55,19.35,46064.02,25559.12
L900 (1).gen,2024-12-18 02:32:23.500	,MS1,106.77852765,-6.27862726,,3,-76.76,16.06,35922.09,24507.20
L900 (1).gen,2024-12-18 02:32:24.500	,MS1,106.77850960,-6.27866229,,3,-79.12,15.79,30477.27,24207.95
L900 (1).gen,2024-12-18 02:32:25.500	,MS1,106.77848673,-6.27870096,,3,-79.41,15.50,,
L900 (1).gen,2024-12-18 02:32:26.500	,MS1,106.77846680,-6.27873710,,3,-75.88,16.67,,
