Longitude,Latitude,RSRP(dBm),RSRP(dBm)_after
106.79304017,-6.15473448,-74.47,-69.60990000000002
106.79304017,-6.15473448,-71.55,-65.67019999999997
106.79304017,-6.15473448,-69.62,-67.97850000000004
106.79304017,-6.15473448,-70.79,-69.0496
106.79304017,-6.15473448,-73.74,-69.11060000000005
106.79304017,-6.15473448,-73.64,-68.73410000000003
106.79304017,-6.15473448,-74.04,-70.01770000000005
106.79304017,-6.15473448,-74.8,-69.90960000000004
106.79304017,-6.15473448,-74.45,-69.56170000000002
106.79304017,-6.15473448,-76.06,-71.05379999999998
106.79304017,-6.15473448,-76.55,-71.04157000000001
106.79304017,-6.15473448,-74.91,-69.50110000000002
106.79304017,-6.15473448,-74.41,-69.50480000000003
106.79304017,-6.15473448,-74.56,-69.65530000000004
106.79304017,-6.15473448,-76.24,-71.24880000000002
106.79304017,-6.15473448,-74.9,-70.26800000000004
106.79304017,-6.15473448,-76.1,-70.85740000000003
106.79304017,-6.15473448,-75.22,-69.37720000000004
106.79304017,-6.15473448,-75.32,-69.83930000000002
106.79304017,-6.15473448,-75.95,-70.81169999999996
106.79304017,-6.15473448,-75.81,-70.26927000000002
106.79304017,-6.15473448,-74.96,-70.08220000000003
106.79304017,-6.15473448,-74.35,-69.74600000000001
106.79304017,-6.15473448,-75.15,-69.91580000000005
106.79304017,-6.15473448,-73.61,-69.42390000000003
106.79304017,-6.15473448,-75.48,-70.11010000000003
106.79304017,-6.15473448,-76.15,-70.88910000000003
106.79304017,-6.15473448,-77.96,-71.5708
106.79304017,-6.15473448,-76.4,-70.30739999999999
106.79304017,-6.15473448,-73.12,-67.04809999999996
106.79304017,-6.15473448,-71.85,-66.36649999999999
106.79304017,-6.15473448,-73.55,-67.58619999999999
106.79304017,-6.15473448,-74.5,-68.92279999999997
106.79304017,-6.15473448,-75.47,-69.93660000000001
106.79304017,-6.15473448,-75.07,-69.22649999999996
106.79304017,-6.15473448,-75.16,-69.11469999999997
106.79304017,-6.15473448,-72.7,-67.08349999999993
106.79304017,-6.15473448,-72.49,-66.69559999999998
106.79304017,-6.15473448,-73.83,-68.01479999999998
106.79304017,-6.15473448,-72.09,-66.80549999999997
106.79304017,-6.15473448,-72.43,-67.08049999999997
106.79304017,-6.15473448,-74.63,-70.23710000000004
106.79304017,-6.15473448,-73.79,-67.77129999999997
106.79304017,-6.15473448,-74.11,-68.10789999999996
106.79304017,-6.15473448,-73.65,-67.33849999999995
106.79304017,-6.15473448,-72.86,-66.82139999999998
106.79304017,-6.15473448,-73.32,-66.79389999999997
106.79304151,-6.15473334,-73.3,-67.219
106.79304843,-6.15472961,-68.55,-62.8067
106.79305721,-6.15472427,-73.8,-67.14809999999999
106.79306668,-6.15471428,-72.56,-66.74369999999996
106.79307778,-6.15470311,-74.77,-69.3975
106.79308903,-6.15468808,-72.12,-66.61439999999999
106.79309747,-6.15466947,-73.25,-67.51610000000001
106.79310695,-6.15464644,-74.64,-68.92129999999999
106.79311939,-6.15461636,-74.62,-69.07019999999994
106.79313482,-6.15457967,-74.15,-67.59529999999998
106.79314898,-6.15454133,-72.91,-67.90570000000001
106.79316769,-6.15450167,-73.12,-67.5209
106.79318549,-6.15446389,-72.46,-66.875
106.79320049,-6.15442745,-72.48,-66.03839999999997
106.7932149,-6.15439238,-69.29,-62.57610000000001
106.79323127,-6.1543547,-68.03,-62.60580000000002
106.79324593,-6.15432001,-70.79,-64.65699999999995
106.79326575,-6.15428267,-70.96,-67.85269999999998
106.79328643,-6.15424788,-68.59,-65.38110000000002
106.79330674,-6.15421497,-72.72,-65.82140000000003
106.79332724,-6.154182,-69.5,-62.85790000000004
106.79334538,-6.15415476,-69.66,-64.69649999999999
106.79336473,-6.1541276,-73.8,-67.13530000000004
106.79338436,-6.15409987,-77.16,-71.7529
106.79340419,-6.1540711,-75.96,-70.10639999999998
106.7934209,-6.1540438,-76.38,-71.22719999999998
106.79343665,-6.15401352,-77.34,-71.75900000000003
106.79345017,-6.1539811,-78.75,-73.0584
106.79345938,-6.15394972,-74.63,-70.8528
106.79346489,-6.15392049,-77.91,-78.13839500000002
106.79346402,-6.153885,-79.24,-72.9747
106.79346635,-6.15384385,-78.72,-72.74089999999997
106.79347389,-6.15379624,-79.11,-78.325685
106.7934887,-6.15374914,-80.85,-79.30129500000001
106.79350905,-6.15370378,-81.24,-75.40860000000002
106.79352606,-6.15366493,-80.6,-79.23688499999999
106.79354811,-6.15361586,-81.19,-78.19619500000002
106.79356661,-6.15357288,-79.68,-73.56190000000002
106.79358378,-6.15352669,-79.97,-73.68340000000002
106.79359811,-6.15348115,-80.23,-73.71660000000001
106.79360911,-6.1534345,-83.42,-83.2182
106.79361714,-6.15338742,-86.65,-83.81473499999998
106.79362214,-6.1533493,-88.14,-85.22243499999998
106.79362516,-6.15331054,-87.14,-84.7888
106.79363005,-6.15326925,-89.74,-86.77449999999999
106.79363332,-6.15323209,-93.12,-89.78290000000001
106.79363062,-6.15319131,-93.93,-90.21593500000002
106.79361689,-6.15315661,-94.55,-91.42100000000002
106.79360117,-6.15312232,-95.26,-91.55193
106.79358314,-6.15308134,-97.92,-92.553235
106.79356319,-6.15303763,-98.47,-87.09930000000003
106.79354353,-6.15299718,-94.32,-91.77639999999998
106.79352158,-6.15295317,-96.61,-93.64668
106.79350045,-6.152914,-95.6,-93.98274
106.79347834,-6.15286787,-93.95,-93.103635
106.79345683,-6.15282842,-97.64,-94.44512999999998
106.79343675,-6.15278972,-100.38,-96.238685
106.79341635,-6.15274803,-101.34,-95.04262
106.79339582,-6.15270284,-101.67,-92.92243
106.79337454,-6.15265482,-101.15,-94.116835
106.79335086,-6.15260725,-101.8,-93.682665
106.79332537,-6.15255539,-102.22,-94.68883
106.79330172,-6.15250942,-102.32,-93.45014999999998
106.79327801,-6.15246597,-103.2,-94.29010499999998
106.79325298,-6.15242312,-103.97,-92.953705
106.79322508,-6.15237893,-103.17,-91.64600000000002
106.79319473,-6.15232891,-101.98,-90.9698
106.79316377,-6.15227599,-99.28,-92.34650000000002
106.79313169,-6.1522265,-99.62,-87.18650500000001
106.79310172,-6.1521863,-100.18,-89.1393
106.79308083,-6.15214475,-99.35,-88.26273499999999
106.79306818,-6.15211959,-100.5,-90.43772
106.79305548,-6.15209225,-101.48,-90.346105
106.7930427,-6.15206569,-100.04,-89.18390000000001
106.79301673,-6.15202425,-105.85,-93.55389999999996
106.79299423,-6.15198218,-108.77,-96.0996
106.79297136,-6.15192952,-107.04,-96.2098
106.7929396,-6.15187371,-104.46,-93.073
106.79291267,-6.15182283,-106.78,-95.34189999999998
106.79288958,-6.15177297,-109.86,-97.8746
106.79287091,-6.15172718,-109.93,-97.7092
106.79284961,-6.15169044,-107.44,-96.3355
106.79282567,-6.15165316,-106.71,-94.676205
106.79280179,-6.15162311,-106.94,-95.3276
106.79278384,-6.1515981,-107.61,-95.3124
106.79276837,-6.15157228,-108.27,-95.0615
106.79275088,-6.15154187,-109.24,-96.2725
106.79273327,-6.15150752,-108.03,-96.4359
106.79271444,-6.15146932,-109.25,-95.8652
106.7926964,-6.15143321,-106.61,-94.7523
106.79268061,-6.15140261,-106.2,-95.0607
106.79266603,-6.15137404,-106.81,-95.3485
106.79265516,-6.15134863,-106.27,-94.6044
106.79264754,-6.15132948,-105.8,-92.59401
106.79263746,-6.15131421,-106.44,-92.82241
106.79262622,-6.15130483,-105.65,-92.63111499999998
106.79262557,-6.1513043,-105.92,-92.70121
106.79261521,-6.15130134,-106.36,-93.857905
106.79259933,-6.15130061,-106.83,-94.432505
106.79257837,-6.1513042,-105.44,-92.35590999999998
106.79255736,-6.15130982,-105.79,-93.494305
106.79253061,-6.15131611,-105.49,-92.577205
106.79249911,-6.15132264,-105.35,-92.254705
106.79246938,-6.1513277,-103.32,-91.65860499999998
106.79244263,-6.15133181,-105.74,-92.67601499999998
106.79241682,-6.1513371,-105.27,-92.08100499999998
106.7923895,-6.15134122,-102.74,-91.27180499999996
106.79236195,-6.15134418,-104.43,-92.035005
106.79233631,-6.15134616,-103.46,-91.766205
106.79231658,-6.15134591,-103.07,-91.48180499999997
106.79229895,-6.15134531,-102.35,-90.68420499999998
106.79228649,-6.15134168,-103.71,-91.933505
106.7922774,-6.15133478,-101.07,-93.13987
106.79227295,-6.15132572,-101.16,-93.10817
106.79286538,-6.15182606,-107.17,-93.43180499999998
106.79289034,-6.15187179,-104.47,-92.867
106.79291358,-6.15190733,-105.76,-94.52649999999998
106.79293016,-6.15193319,-105.06,-93.3947
106.79294773,-6.15196951,-101.12,-90.0001
106.79295652,-6.15199573,-97.61,-87.7169
106.79294802,-6.15202324,-98.21,-92.526095
106.79292845,-6.15204594,-101.42,-90.672105
106.79290388,-6.15205962,-98.56,-93.1338
106.79287541,-6.15206941,-94.65,-92.6581
106.79284035,-6.15208012,-94.55,-94.7487
106.79279921,-6.15209396,-95.5,-94.63125499999998
106.79275419,-6.15210683,-94.8,-93.32099499999998
106.79270938,-6.15211611,-97.85,-94.84878
106.79266668,-6.15212566,-96.32,-93.7231
106.79262673,-6.15213321,-96.18,-94.145965
106.7925847,-6.15214127,-97.26,-93.70076499999998
106.79254279,-6.15214792,-98.6,-93.62986
106.79249601,-6.1521541,-99.99,-89.275905
106.79244637,-6.15216295,-100.28,-89.39950500000002
106.79240159,-6.15217179,-101.16,-90.73190499999998
106.79235259,-6.1521805,-97.86,-92.89983
106.79230502,-6.1521895,-97.93,-94.2739
106.79225841,-6.15219887,-98.15,-93.57493499999998
106.79221012,-6.15220866,-98.1,-93.699675
106.79216321,-6.15221679,-95.94,-93.327635
106.79211558,-6.15222651,-93.58,-92.293695
106.79206662,-6.15223811,-93.16,-91.09048
106.79200738,-6.15225113,-91.53,-88.25298000000001
106.79194688,-6.15226362,-89.54,-86.66109
106.79188719,-6.1522758,-90.08,-86.56023500000002
106.7918323,-6.15228702,-92.8,-91.48751499999996
106.79177818,-6.15229665,-93.06,-91.827945
106.79172605,-6.15230824,-92.58,-90.439515
106.79167675,-6.15231979,-92.1,-90.09642
106.79162678,-6.15233328,-91.68,-89.93193499999998
106.79158148,-6.15234372,-92.24,-90.539935
106.79153031,-6.15235562,-93.89,-92.248635
106.79148618,-6.15236086,-93.38,-91.44699999999996
106.79144267,-6.1523668,-94.4,-91.59632999999998
106.79140275,-6.15237564,-92.71,-89.52570000000001
106.79136453,-6.15238873,-94.66,-91.7698
106.79132771,-6.15240597,-95.69,-93.6613
106.79129643,-6.15242306,-94.44,-91.400665
106.79125716,-6.15244122,-93.35,-91.55647499999996
106.79121998,-6.15244766,-91.43,-88.96460000000002
106.79117438,-6.15245283,-91.99,-88.95929500000001
106.79113107,-6.15245401,-88.95,-84.529195
106.79108327,-6.152449,-86.82,-78.74620000000002
106.79103594,-6.15244239,-84.19,-77.8501
106.79099271,-6.1524388,-85.33,-78.32650000000001
106.79095113,-6.15243567,-85.64,-84.02844
106.79091089,-6.1524374,-83.5,-77.42850000000003
106.7908672,-6.1524375,-78.93,-79.179695
106.79081974,-6.15243743,-79.62,-78.68137999999999
106.79077061,-6.15244168,-81.44,-76.63030000000002
106.79071819,-6.1524435,-85.27,-83.90340999999997
106.79065928,-6.15244642,-88.12,-85.77613499999998
106.79059992,-6.15244987,-84.66,-81.68090000000002
106.7905472,-6.15245486,-81.21,-82.80343
106.79050143,-6.15246207,-77.74,-78.50136499999999
106.79046085,-6.15246577,-77.49,-78.7185
106.79041298,-6.1524699,-77.19,-78.55060000000002
106.79036085,-6.15247202,-75.51,-78.049465
106.79030071,-6.15247319,-75.93,-78.45833
106.79024088,-6.1524743,-75.31,-78.91063000000001
106.79018492,-6.15247347,-77.27,-79.65582499999996
106.79013457,-6.15247098,-75.09,-79.95182999999997
106.79009072,-6.1524688,-78.35,-79.72140499999999
106.79005665,-6.15247053,-79.51,-80.69057999999998
106.79002731,-6.15247447,-77.16,-80.01470499999999
106.7899987,-6.15247815,-78.91,-72.89730000000002
106.78996453,-6.15247869,-77.06,-72.22610000000002
106.78991886,-6.15248105,-79.79,-73.15169999999999
106.78986916,-6.15248874,-78.42,-73.25850499999997
106.78981253,-6.15249685,-76.54,-76.90316000000003
106.78977028,-6.15250165,-73.52,-78.64713000000002
106.7897302,-6.1525038,-74.16,-79.27308999999998
106.78969044,-6.1525066,-75.42,-78.88562499999998
106.78964716,-6.15251078,-76.28,-79.49246500000001
106.78959376,-6.15251784,-76.74,-79.32463000000001
106.78953743,-6.15252146,-73.53,-77.92020000000001
106.78947883,-6.15252727,-68.32,-77.978565
106.78942325,-6.15253072,-72.62,-77.11229999999998
106.78936748,-6.15253288,-70.72,-77.63953
106.78931255,-6.15253609,-68.19,-76.172665
106.78925904,-6.15253935,-68.23,-77.59053
106.78921417,-6.15254041,-69.49,-77.40553
106.78917878,-6.15253858,-64.92,-77.15676500000001
106.78914547,-6.15253821,-69.49,-74.2325
106.78910667,-6.15254103,-71.08,-77.297865
106.78906221,-6.15254574,-69.33,-76.579965
106.78901302,-6.15254892,-71.5,-77.44692999999998
106.78896056,-6.15255465,-73.69,-77.83926500000001
106.78890751,-6.15255733,-75.39,-77.52966500000001
106.78885554,-6.15255908,-76.74,-78.46562999999999
106.78880392,-6.15256325,-78.2,-79.66399499999999
106.78875585,-6.15256139,-77.27,-78.85546000000001
106.78871582,-6.15255627,-78.65,-80.16812499999999
106.7886873,-6.15255308,-77.81,-79.37090000000002
106.78866421,-6.15254896,-76.65,-78.28763000000001
106.78863954,-6.15254428,-79.73,-80.33735499999997
106.78861357,-6.15254446,-80.43,-80.31999499999999
106.78858724,-6.15254584,-81.85,-83.65451999999999
106.78856217,-6.15255196,-81.12,-81.48772
106.78854826,-6.15255641,-80.46,-79.92560000000002
106.78853729,-6.1525652,-78.97,-80.08608999999998
106.78852925,-6.15257833,-78.72,-80.65318
106.78852548,-6.15259897,-75.04,-78.10866
106.78851947,-6.15262773,-83.7,-82.36200000000001
106.78851157,-6.15266531,-87.15,-85.68919000000001
106.78850286,-6.1527098,-91.97,-88.685185
106.78849457,-6.15274423,-88.86,-82.96979999999999
106.78848549,-6.15278914,-88.6,-86.888795
106.78847952,-6.15283187,-91.83,-90.236705
106.78847279,-6.1528729,-94.18,-92.758535
106.78846047,-6.15292381,-96.6,-93.25359999999998
106.78844578,-6.15296694,-100.76,-93.40223
106.78843293,-6.15301827,-102.22,-91.47280999999997
106.78842308,-6.15307054,-104.19,-91.97061
106.78841176,-6.15312324,-104.0,-92.54080999999998
106.78840129,-6.15317808,-105.36,-92.675105
106.7883949,-6.15323558,-103.89,-92.01370499999996
106.78838839,-6.15328932,-99.66,-94.5155
106.78838265,-6.15333701,-102.31,-90.908505
106.78837794,-6.15339033,-102.69,-91.05380499999998
106.78837941,-6.15344575,-102.7,-94.9089
106.78838233,-6.15349912,-99.68,-96.007555
106.78837682,-6.15355287,-98.15,-95.14026
106.78836967,-6.15360976,-98.57,-95.14026
106.78836248,-6.15366807,-100.79,-96.32598999999998
106.7883579,-6.15373174,-100.97,-97.48431499999998
106.78835336,-6.1537897,-99.58,-95.72482499999998
106.78835305,-6.15384926,-101.13,-97.43491499999998
106.78834612,-6.15391065,-100.89,-97.61507499999998
106.78834166,-6.15397006,-101.55,-96.48868
106.78833683,-6.15403061,-103.44,-94.59960499999998
106.78832819,-6.15408907,-105.66,-93.4187
106.78831793,-6.15414448,-104.49,-92.9604
106.78831123,-6.15420574,-107.14,-95.198105
106.78830896,-6.15426697,-109.52,-97.1209
106.78830416,-6.15433529,-107.59,-96.3449
106.78829705,-6.15439972,-106.82,-93.433215
106.78829094,-6.15445787,-107.33,-95.12219999999998
106.78828213,-6.15451546,-106.76,-94.881
106.78828005,-6.15456513,-106.41,-92.980605
106.78827986,-6.15461443,-104.77,-92.05900999999996
106.78827872,-6.15466668,-107.86,-94.817205
106.78828255,-6.15471398,-110.16,-95.7173
106.78828551,-6.15475906,-111.43,-95.6464
106.78828837,-6.15480417,-111.84,-96.0094
106.78828967,-6.15484793,-113.16,-99.0964
106.78828134,-6.15488381,-112.34,-97.8703
106.78827963,-6.15491014,-112.31,-100.5527
106.78827819,-6.15493119,-111.61,-99.7474
106.78827999,-6.15494366,-110.35,-98.4788
106.78828012,-6.15494458,-109.55,-97.9187
106.7882882,-6.15495728,-110.35,-96.073
106.78830322,-6.15496886,-110.95,-97.6338
106.7883282,-6.15498134,-108.18,-96.4612
106.78836383,-6.15499599,-107.73,-95.8546
106.78841057,-6.15499964,-107.21,-94.9605
106.78846371,-6.15499714,-112.9,-96.4689
106.78851494,-6.15499515,-113.32,-101.4082
106.7885696,-6.15499704,-115.79,-104.48890000000002
106.78863124,-6.15500363,-117.18000000000002,-105.14260000000002
106.78868456,-6.15501269,-115.31999999999998,-103.8014
106.78874243,-6.15502078,-114.26,-102.9577
106.78879886,-6.15502122,-114.72,-103.35
106.78885387,-6.15502329,-111.05,-98.35629999999998
106.78890688,-6.15502701,-106.69,-93.104015
106.78897528,-6.15503849,-108.73,-95.4037
106.78903944,-6.15505102,-111.86,-95.7034
106.7890938,-6.1550604,-106.06,-92.864615
106.78915798,-6.15507224,-105.77,-92.696715
106.78921566,-6.15508078,-105.8,-92.66391499999996
106.78927826,-6.15509265,-104.61,-92.172905
106.78934439,-6.15510221,-103.56,-91.89270499999996
106.78940579,-6.15511199,-103.62,-91.93050499999998
106.78946913,-6.15511984,-102.64,-90.98980999999998
106.78953524,-6.15512763,-102.76,-91.52160499999997
106.78959636,-6.15513667,-101.9,-90.731705
106.78966375,-6.15514167,-102.49,-91.49170499999995
106.78973108,-6.15514604,-103.41,-92.484705
106.78979763,-6.15514975,-104.66,-92.677105
106.78986569,-6.1551537,-105.75,-94.25739999999998
106.78992792,-6.15515449,-104.71,-93.37959999999998
106.78999004,-6.15515268,-105.03,-92.64119999999998
106.79005638,-6.15514537,-106.17,-94.5265
106.7901217,-6.15514287,-107.54,-95.01359999999998
106.79018766,-6.15514549,-108.33,-94.78829999999998
106.79025465,-6.15515336,-108.25,-95.91489999999996
106.79032341,-6.1551496,-109.2,-98.0021
106.79038763,-6.15514887,-109.42,-96.3822
106.79044656,-6.15515203,-108.65,-97.34550000000002
106.79052789,-6.15516624,-109.3,-97.6516
106.79058778,-6.15516791,-108.73,-97.682
106.79065296,-6.15517065,-106.98,-95.7898
106.79072196,-6.15517544,-107.57,-96.1158
106.79078419,-6.15517274,-111.06,-99.54429999999998
106.79084032,-6.15516923,-117.78,-105.6374
106.7908995,-6.15516299,-115.79,-104.5574
106.79095763,-6.15516267,-112.43,-99.747
106.79101666,-6.1551654,-110.96,-98.3401
106.79106619,-6.1551719,-111.4,-99.12709999999998
106.79111798,-6.15517568,-109.85,-97.45399999999998
106.79116336,-6.15517991,-108.15,-97.0214
106.79120292,-6.15518161,-107.76,-96.22209999999998
106.79123857,-6.15518059,-106.62,-94.797805
106.79126965,-6.15518103,-105.78,-93.7966
106.79129879,-6.15518032,-105.65,-94.013
106.79133613,-6.15518004,-104.29,-92.6771
106.79138614,-6.1551829,-99.15,-94.5521
106.79144318,-6.15518178,-103.26,-92.4025
106.79150254,-6.15517907,-103.04,-92.0039
106.79156832,-6.15517811,-104.98,-93.3235
106.79163463,-6.15517411,-105.16,-93.60410000000002
106.79170213,-6.15517061,-105.49,-93.6834
106.79176375,-6.1551663,-101.26,-89.91170000000001
106.79181883,-6.15516126,-103.67,-91.7772
106.79185951,-6.15515841,-103.12,-92.18550000000003
106.79189092,-6.15515166,-104.69,-93.19849999999998
106.79190322,-6.15515025,-105.6,-93.652005
106.79190836,-6.15514952,-105.1,-93.2198
106.79190843,-6.15514951,-101.89,-91.261505
106.79192633,-6.15514868,-101.7,-90.452705
106.7919551,-6.15514932,-104.19,-92.8722
106.79198485,-6.15515066,-104.38,-93.0319
106.79201278,-6.1551463,-102.85,-92.0513
106.79204719,-6.15514308,-104.66,-93.0961
106.79208024,-6.15514398,-104.4,-92.8591
106.79212045,-6.15514855,-102.87,-91.752805
106.79217666,-6.15515101,-100.42,-95.10590000000002
106.79223052,-6.15515805,-96.29,-93.0819
106.79229939,-6.15516671,-97.38,-93.1936
106.79236658,-6.1551753,-96.04,-92.85479999999998
106.79242531,-6.15518169,-93.95,-90.9214
106.79247897,-6.15518739,-93.68,-90.92839999999998
106.79253534,-6.15519599,-93.86,-91.07489999999996
106.79258719,-6.15520123,-95.24,-92.0833
106.79263466,-6.15520744,-95.58,-85.2406
106.79268283,-6.15521622,-89.25,-86.45839999999998
106.79272068,-6.15522467,-88.14,-85.4749
106.79275172,-6.15523266,-90.33,-87.43690000000001
106.7927687,-6.15523896,-92.26,-89.51360000000001
106.79277819,-6.15524623,-89.84,-86.6277
106.7927786,-6.15524655,-86.73,-81.25190000000002
106.79279372,-6.15523724,-81.45,-76.44400000000002
106.79281442,-6.15522073,-82.29,-78.10140000000003
106.79283301,-6.15519669,-83.8,-77.53620000000001
106.79285461,-6.1551645,-79.17,-73.23220000000002
106.79287173,-6.15513546,-75.51,-70.51807000000005
106.79289366,-6.15509547,-75.9,-78.655665
106.79291282,-6.15505473,-78.89,-71.7285
106.7929351,-6.155009,-79.46,-73.37030000000004
106.79296171,-6.15495785,-77.45,-71.8613
106.7929851,-6.15490848,-76.93,-71.3259
106.79300878,-6.15484952,-77.39,-70.99365
106.79303412,-6.15479588,-73.39,-76.64339
106.793064,-6.1547461,-75.23,-70.59030000000004
106.79309515,-6.15469589,-73.02,-76.44525499999999
106.79312123,-6.1546495,-75.54,-77.913295
106.79314991,-6.1545969,-73.46,-77.71538999999999
106.79317386,-6.15454954,-74.53,-77.02298499999998
106.79319514,-6.1545045,-74.92,-78.14931999999999
106.79321843,-6.1544637,-72.8,-68.45690000000005
106.79323988,-6.15442037,-69.4,-63.7582
106.79325778,-6.15437986,-67.0,-70.69458999999998
106.79327433,-6.15433995,-67.65,-77.57998999999998
106.79329163,-6.15429851,-69.84,-67.8044
106.79330992,-6.15426091,-67.25,-79.02393999999998
106.7933274,-6.15422797,-73.26,-69.51640000000005
106.79335009,-6.15418559,-69.92,-66.65477000000001
106.79337153,-6.15415277,-68.65,-71.80065999999997
106.79339558,-6.15411878,-73.95,-77.63785499999997
106.79342206,-6.15408278,-76.07,-70.05850000000004
106.79344609,-6.15404807,-76.49,-71.21069999999999
106.79347673,-6.15400743,-75.49,-72.97261
106.79350468,-6.15396947,-75.09,-71.77331000000001
106.79352675,-6.15393302,-75.57,-78.77325499999999
106.7935505,-6.15389535,-75.19,-69.65059999999997
106.79357539,-6.1538614,-74.58,-70.35220000000002
106.79359757,-6.1538295,-76.43,-71.16130000000001
106.79361856,-6.15380449,-78.18,-72.5556
106.79364007,-6.15378384,-78.9,-73.32509999999998
106.79365972,-6.15376951,-79.46,-73.47940000000001
106.7936776,-6.15375772,-80.16,-73.79350000000004
106.79369324,-6.15374592,-80.29,-73.5964
106.79370869,-6.15373646,-79.77,-75.773365
106.79371903,-6.15372522,-78.07,-72.00340000000006
106.79371826,-6.15371628,-76.11,-80.525665
106.79371678,-6.1537097,-76.29,-70.89810000000001
106.79371669,-6.15370911,-76.94,-71.44684000000001
106.79372014,-6.15370937,-75.21,-79.14264499999999
106.79372014,-6.15370937,-76.19,-78.80062499999998
106.79372014,-6.15370937,-76.4,-78.91088999999998
106.79372014,-6.15370937,-75.58,-69.11739999999995
106.79372014,-6.15370937,-75.21,-69.95869999999998
106.79372014,-6.15370937,-75.15,-74.06227
106.79372014,-6.15370937,-74.58,-71.42080000000001
106.79372014,-6.15370937,-73.92,-69.45610000000003
106.79372014,-6.15370937,-74.22,-71.17784000000003
106.79372014,-6.15370937,-74.96,-71.27020000000002
106.79143187,-6.15824206,-87.56,-83.63610999999996
106.7914697,-6.15816354,-84.19,-78.26350000000004
106.79150273,-6.15809616,-79.68,-72.72070000000002
106.79154321,-6.158018,-83.17,-83.83481500000002
106.79158456,-6.15793574,-87.12,-78.8911
106.79162247,-6.15785895,-93.16,-91.20023
106.7916613,-6.15777769,-99.07,-88.56839999999998
106.79170129,-6.15769663,-101.9,-90.998
106.79174576,-6.15760892,-103.2,-91.53050000000002
106.7917879,-6.15753135,-103.75,-91.7066
106.7918343,-6.1574375,-101.88,-91.4229
106.7918777,-6.15735068,-96.85,-85.69579999999999
106.79192385,-6.15725885,-97.58,-85.92109999999998
106.79196949,-6.15716679,-97.99,-86.20840000000001
106.79202012,-6.15706706,-100.27,-88.80760000000001
106.7920595,-6.15698847,-98.42,-87.6441
106.79211655,-6.1568728,-98.66,-87.50990000000003
106.79216204,-6.15677239,-101.12,-90.76030499999996
106.79220954,-6.15667391,-104.14,-92.41129999999995
106.7922483,-6.15658383,-106.21,-94.41089999999998
106.79229024,-6.15648355,-109.22,-95.1936
106.79232969,-6.15638965,-109.94,-95.693
106.79236881,-6.15629684,-109.24,-96.4496
106.79240848,-6.15620204,-108.92,-95.9683
106.79244418,-6.15611997,-107.06,-95.8878
106.7924784,-6.15603411,-105.52,-93.7085
106.79251425,-6.15594897,-107.36,-94.9298
106.79254823,-6.15587075,-101.11,-90.00170000000001
106.79258423,-6.15578948,-106.95,-95.1153
106.79261178,-6.15572536,-102.83,-92.4923
106.79264527,-6.15564737,-99.51,-87.3366
106.79267216,-6.15558396,-100.45,-89.19530499999999
106.79269865,-6.15552635,-98.41,-86.9835
106.79272522,-6.1554633,-95.79,-92.6993
106.79274829,-6.15540776,-94.65,-91.5557
106.79277169,-6.15535392,-94.51,-91.29429999999998
106.79279385,-6.15530565,-91.47,-88.24959999999999
106.79281537,-6.15525682,-93.67,-90.525
106.79283472,-6.1552106,-91.89,-89.47909999999999
106.79285035,-6.15516971,-85.93,-79.5265
106.79286572,-6.1551335,-84.82,-78.73100000000002
106.79287917,-6.1550953,-89.74,-80.06953500000002
106.79289422,-6.15505542,-92.01,-84.89840000000001
106.79290766,-6.15502433,-91.61,-81.67090000000002
106.7929226,-6.1549919,-87.68,-79.15010000000002
106.79293774,-6.15496254,-87.07,-81.74810000000001
106.79295314,-6.15492953,-86.52,-79.7628
106.79296286,-6.15490324,-82.33,-78.14620000000004
106.79306919,-6.15475619,-73.88,-69.43130000000001
106.79306919,-6.15475619,-75.31,-69.1749
106.79306919,-6.15475619,-78.76,-73.1762
106.79306919,-6.15475619,-79.57,-77.79067999999998
106.79306919,-6.15475619,-79.51,-78.50019500000003
106.79306919,-6.15475619,-78.92,-77.48411500000002
106.79306919,-6.15475619,-80.83,-78.27485000000001
106.79306919,-6.15475619,-80.59,-80.0122
106.79306919,-6.15475619,-78.9,-78.36303999999998
106.79306919,-6.15475619,-79.89,-72.94120000000002
106.79306919,-6.15475619,-74.1,-77.36795
106.79306919,-6.15475619,-74.11,-78.13850000000001
106.79306919,-6.15475619,-71.84,-68.86100000000002
106.79306919,-6.15475619,-71.42,-68.32154999999999
106.79306919,-6.15475619,-70.85,-68.60147000000002
106.79306919,-6.15475619,-72.45,-69.15027
106.79306919,-6.15475619,-70.06,-63.9789
106.79306919,-6.15475619,-70.51,-69.721
106.79306919,-6.15475619,-71.75,-76.30176
106.79306919,-6.15475619,-72.55,-76.48176500000001
106.79306919,-6.15475619,-72.26,-77.48526000000001
106.79306919,-6.15475619,-72.81,-77.01916000000001
106.79306919,-6.15475619,-74.46,-77.72686
106.79306919,-6.15475619,-75.97,-78.35376
106.79306919,-6.15475619,-76.93,-72.0284
106.79306919,-6.15475619,-76.39,-71.52170000000004
106.79306919,-6.15475619,-76.58,-70.6981
106.79306919,-6.15475619,-77.2,-77.67350999999998
106.79306919,-6.15475619,-75.91,-70.75540000000004
106.79306919,-6.15475619,-75.39,-69.38290000000002
106.79306919,-6.15475619,-75.71,-70.96339999999996
106.79306919,-6.15475619,-73.48,-66.85639999999998
106.79306919,-6.15475619,-73.54,-67.64689999999997
106.79306919,-6.15475619,-72.56,-68.82776999999997
106.79306919,-6.15475619,-74.12,-69.06370000000004
106.79306919,-6.15475619,-76.33,-71.13669999999998
106.79306919,-6.15475619,-74.23,-68.45716999999999
106.79306919,-6.15475619,-73.08,-66.90989999999996
106.79306919,-6.15475619,-74.43,-69.75380000000003
106.79306919,-6.15475619,-72.99,-78.24165999999998
106.79306919,-6.15475619,-73.13,-69.5916
106.79306919,-6.15475619,-75.16,-70.71120000000003
106.79306919,-6.15475619,-76.52,-71.76060000000004
106.79306919,-6.15475619,-74.79,-69.13750000000002
106.79306919,-6.15475619,-71.65,-65.72409999999995
106.79309805,-6.154711,-72.6,-73.34111
106.79311386,-6.15468229,-75.16,-70.11260000000003
106.79312642,-6.15465718,-73.64,-67.20129999999995
106.79313668,-6.15463323,-75.5,-76.55924999999999
106.79314606,-6.15461052,-70.89,-78.06796
106.79315544,-6.15458616,-73.79,-69.74710000000005
106.7931649,-6.15456601,-76.67,-71.74870000000004
106.79317274,-6.15454923,-76.46,-71.62950000000004
106.79318191,-6.15452822,-73.14,-69.39300000000001
106.79318944,-6.15450939,-74.76,-77.19968499999999
106.79319362,-6.15449589,-75.62,-70.70769999999997
106.79319561,-6.15448151,-73.72,-67.22920000000003
106.79319628,-6.15446992,-68.74,-71.89572000000003
106.7931917,-6.15446123,-71.05,-77.99048999999997
106.79318643,-6.15445328,-74.61,-70.74340000000002
106.79317982,-6.15444723,-74.12,-71.52110000000005
106.79317091,-6.15444016,-73.41,-70.69340000000003
106.79316025,-6.15443476,-68.55,-73.08888999999999
106.79314825,-6.15443127,-62.66,-77.67469500000001
106.79313667,-6.15442504,-65.75,-78.00022999999999
106.79312836,-6.15441937,-64.99,-69.20170000000003
106.79312239,-6.15442,-62.21,-77.23425499999998
106.79312146,-6.15442019,-61.88,-77.59355
106.79312146,-6.15442019,-62.38999999999999,-77.24151499999999
106.79312146,-6.15442019,-63.50999999999999,-68.86730000000001
106.79312146,-6.15442019,-64.26,-67.67880000000005
106.79312146,-6.15442019,-63.68,-68.49147000000004
106.79312146,-6.15442019,-63.59,-67.80900000000004
106.79312146,-6.15442019,-67.65,-70.49118
106.79312146,-6.15442019,-68.29,-76.63260000000002
106.79312146,-6.15442019,-70.15,-71.08390000000001
106.79312146,-6.15442019,-71.0,-78.29720000000002
106.79311049,-6.154422,-75.07,-81.882
106.79309622,-6.1544288,-75.47,-80.91359999999999
106.7930847,-6.15443373,-73.92,-79.45240000000001
106.79307219,-6.15444031,-71.84,-75.16140000000001
106.79306335,-6.15444616,-72.15,-75.2136
106.79305211,-6.15445435,-76.99,-78.30950000000001
106.79303701,-6.15446624,-75.15,-76.7644
106.79302382,-6.15448337,-75.77,-76.6484
106.79301227,-6.15450203,-82.54,-81.13029999999998
106.79300486,-6.15451652,-86.12,-85.80640000000001
106.79299997,-6.15452813,-87.76,-86.52200000000002
106.79299386,-6.15453531,-88.06,-87.02659999999999
106.79298623,-6.15454124,-87.63,-87.14380000000001
106.79297764,-6.15454622,-86.94,-86.8327
106.79296933,-6.15455071,-90.57,-87.52770000000001
106.79296215,-6.15455368,-90.51,-88.14060000000002
106.79295693,-6.15455429,-91.92,-89.48083000000001
106.79294898,-6.15455427,-95.54,-90.630855
106.79293885,-6.15455429,-96.91,-88.042125
106.79292413,-6.1545533,-96.55,-89.62527
106.79290493,-6.1545499,-96.49,-89.16312500000001
106.79288645,-6.15454636,-96.65,-89.34068500000002
106.79285755,-6.1545423,-96.91,-90.95444
106.79282957,-6.15453944,-96.64,-92.33329
106.79280239,-6.15453641,-99.34,-93.18526500000004
106.79277218,-6.15453122,-98.91,-92.73165000000002
106.79274812,-6.15452777,-98.27,-92.08191
106.79272181,-6.15452498,-98.01,-91.82675000000002
106.79269453,-6.15452366,-99.23,-91.931015
106.79266482,-6.15452096,-99.32,-93.04886500000002
106.79264496,-6.15451881,-96.08,-90.77379
106.79261655,-6.15451304,-93.85,-88.231785
106.7925908,-6.15450548,-94.52,-89.76990000000002
106.79256608,-6.15449658,-96.5,-91.598385
106.79254525,-6.15449358,-96.51,-91.575495
106.79251301,-6.15448222,-95.74,-90.892855
106.79248307,-6.15446486,-97.02,-91.92751
106.79245928,-6.15444843,-98.46,-93.78039
106.79243262,-6.1544364,-100.3,-93.660145
106.79240433,-6.15442425,-102.36,-94.80604500000004
106.79238086,-6.1544106,-101.54,-94.36608
106.79235681,-6.15439476,-100.4,-93.755975
106.79232932,-6.15438208,-100.19,-91.99898500000002
106.79230328,-6.15437764,-99.07,-92.573625
106.79227375,-6.15437951,-100.1,-94.14762
106.79224529,-6.1543873,-99.49,-93.69587500000002
106.79222141,-6.15439213,-99.78,-92.797265
106.79219377,-6.15439274,-100.33,-93.68207000000002
106.79216159,-6.15438977,-102.02,-94.795485
106.79213296,-6.15438412,-103.61,-93.51775500000002
106.79210866,-6.15437451,-103.12,-93.630345
106.79208004,-6.15436653,-101.7,-93.70956499999998
106.79205226,-6.15436316,-97.45,-93.496035
106.7920377,-6.15435836,-104.62,-92.4808
106.79200799,-6.15434987,-105.91,-92.66009499999996
106.79198619,-6.15434453,-100.05,-93.058605
106.7919705,-6.15433644,-97.19,-94.4458
106.79195648,-6.15433049,-102.93,-91.6328
106.79194288,-6.1543244,-100.56,-89.85570000000001
106.79193574,-6.15431631,-100.89,-94.19280000000002
106.7919277,-6.15430733,-95.45,-92.7935
106.79192074,-6.15429786,-96.27,-92.30959
106.79191903,-6.15428782,-96.12,-91.34984
106.79192103,-6.15427601,-95.25,-90.69234000000002
106.79192526,-6.15426237,-93.92,-90.65097500000002
106.79191922,-6.15425001,-94.34,-91.75266
106.79191445,-6.15423725,-90.6,-87.78123000000002
106.79192292,-6.1542196,-93.67,-89.28755500000003
106.79193369,-6.15419947,-89.78,-88.48826500000001
106.79194104,-6.15417769,-89.88,-86.49966500000002
106.79194592,-6.1541569,-90.98,-88.00036000000001
106.79194915,-6.15413144,-91.3,-89.22803000000002
106.79194942,-6.15410866,-89.02,-88.825765
106.79195119,-6.15408959,-90.3,-88.98716500000002
106.79195125,-6.15407604,-90.52,-88.91883500000003
106.79194993,-6.1540601,-90.95,-90.43172500000004
106.79194657,-6.15404595,-88.09,-89.21940000000001
106.79194117,-6.15402891,-86.74,-88.90350000000004
106.79193736,-6.15400892,-85.82,-87.17470000000002
106.79193453,-6.15398525,-83.29,-87.21580000000003
106.79192823,-6.15395508,-83.39,-84.66910000000003
106.79192407,-6.15392407,-82.97,-85.58550000000001
106.79192276,-6.15389511,-83.57,-85.23730000000002
106.7919219,-6.15386623,-80.89,-83.5548
106.79192443,-6.15383663,-80.6,-84.15880000000003
106.7919273,-6.15380835,-77.3,-82.1658
106.79193007,-6.15378295,-76.1,-82.45320000000001
106.79193621,-6.15376335,-76.22,-83.09840000000003
106.79194476,-6.15374537,-79.23,-83.36100000000003
106.79195092,-6.15372946,-77.4,-78.06830000000002
106.7919597,-6.15371803,-77.54,-83.42760000000003
106.79197215,-6.15371155,-77.6,-84.14830000000003
106.79198946,-6.15371163,-78.27,-84.05930000000001
106.79201399,-6.15371493,-78.11,-83.51610000000001
106.79203854,-6.15371809,-78.28,-82.78840000000002
106.79206484,-6.15371798,-78.94,-83.1177
106.79208107,-6.15371864,-77.01,-83.13080000000001
106.79209543,-6.15371738,-78.13,-83.697
106.79210946,-6.15371192,-78.3,-83.1723
106.79212218,-6.15370682,-76.36,-83.06400000000001
106.79213456,-6.15370073,-79.85,-82.95130000000002
106.79214411,-6.15369912,-79.45,-82.89000000000001
106.79214475,-6.15369902,-78.73,-80.90320000000001
106.79214475,-6.15369902,-79.85,-82.16720000000001
106.79214475,-6.15369902,-79.86,-82.3509
106.79215946,-6.15370195,-78.05,-82.7069
106.79217515,-6.15370644,-77.99,-82.6286
106.79219531,-6.15371388,-78.41,-82.702
106.79222133,-6.15372309,-76.03,-83.1076
106.792243,-6.1537313,-75.75,-82.2338
106.79227008,-6.15374489,-74.43,-82.94820000000001
106.79229846,-6.15375936,-71.02,-83.95810000000004
106.79232011,-6.1537793,-72.81,-83.37340000000002
106.79234108,-6.15379716,-70.62,-76.27020000000003
106.79236137,-6.1538079,-64.25,-80.7766
106.79238609,-6.15381552,-61.34000000000001,-70.68939999999998
106.79240713,-6.15381892,-59.1,-82.21960000000003
106.79243187,-6.15382269,-61.54,-77.1033
106.7924646,-6.15383139,-64.33,-82.0449
106.79249503,-6.15383263,-63.61,-82.5745
106.79252269,-6.15383388,-64.58,-82.3087
106.79254674,-6.15383827,-64.42,-82.23919999999998
106.79256841,-6.15384351,-63.06999999999999,-82.98100000000001
106.79259063,-6.15384679,-62.10000000000001,-82.28500000000001
106.79260882,-6.15385075,-63.620000000000005,-80.76533000000002
106.7926275,-6.15385705,-65.05,-79.1625
106.79263563,-6.15386117,-69.12,-80.71453000000001
106.79264739,-6.15385532,-70.53,-80.25375999999999
106.79265702,-6.15385288,-71.7,-79.26920999999999
106.79266169,-6.15385583,-70.06,-79.36756
106.79266453,-6.15386177,-68.46,-78.93012999999998
106.79266592,-6.15387036,-69.76,-76.52239499999999
106.79266877,-6.15388167,-68.23,-77.88292999999999
106.79266936,-6.15389892,-70.78,-80.62803
106.79266549,-6.15391937,-71.51,-78.08752999999997
106.79265936,-6.15393991,-69.22,-76.74408500000001
106.79264678,-6.15396435,-66.08,-79.4536
106.79264263,-6.15398008,-67.49,-76.6212
106.79263339,-6.15399488,-67.78,-82.1868
106.79262422,-6.15400336,-63.25,-82.65780000000001
106.7926135,-6.15401651,-65.58,-82.593
106.79260275,-6.15402571,-65.46,-82.0999
106.79259607,-6.15403477,-65.06,-82.4036
106.79259045,-6.15404532,-63.77000000000001,-82.7145
106.79257508,-6.15404392,-64.49,-82.78869999999999
106.79256732,-6.1540467,-64.75,-80.85132999999999
106.79256945,-6.15405887,-61.89,-82.6465
106.79257159,-6.15407457,-67.67,-81.98870000000001
106.79258322,-6.15408558,-69.27,-82.28960000000001
106.79259864,-6.15409133,-67.61,-79.62739999999998
106.79261279,-6.15409683,-69.93,-81.86059999999999
106.79262842,-6.15410336,-74.02,-80.53813
106.79264829,-6.15410793,-75.83,-79.9906
106.79266929,-6.15411024,-72.46,-80.54013
106.79269141,-6.15411682,-70.27,-81.17843
106.79271052,-6.1541277,-67.76,-76.85076000000004
106.79272692,-6.15413298,-72.22,-80.68996
106.79273955,-6.15413557,-74.15,-80.507685
106.7927483,-6.15414019,-73.16,-78.29223
106.79276529,-6.15415021,-73.67,-79.99031
106.7927842,-6.15416761,-66.68,-79.58552999999998
106.79281371,-6.15419042,-66.02,-81.11393000000001
106.79283163,-6.15420465,-71.4,-81.04513
106.79286061,-6.15422267,-73.07,-76.45186
106.79288551,-6.15423754,-72.36,-77.66525499999999
106.79291366,-6.15425339,-72.12,-80.23369500000001
106.79293852,-6.1542691,-67.73,-77.55849000000002
106.79295976,-6.15428436,-66.08,-80.29191999999999
106.79297756,-6.15430305,-65.61,-73.02422500000002
106.79299109,-6.15431494,-65.71,-80.41202500000001
106.79300635,-6.15432793,-69.2,-80.96523
106.79301864,-6.15432866,-74.19,-80.78882999999999
106.79303223,-6.15433711,-77.96,-81.78569500000002
106.79304915,-6.15434502,-78.01,-80.18699499999998
106.7930593,-6.15435146,-79.8,-78.61333
106.79307128,-6.15435773,-78.42,-78.30035500000001
106.79307775,-6.15436459,-78.41,-80.63941500000001
106.79307864,-6.15436574,-77.65,-78.16086999999997
106.79307864,-6.15436574,-76.93,-78.60103
106.79307864,-6.15436574,-77.52,-81.23368999999998
106.79307864,-6.15436574,-76.07,-79.433645
106.79307864,-6.15436574,-77.35,-80.94017500000001
106.79307864,-6.15436574,-77.83,-78.47477999999998
106.79307864,-6.15436574,-79.15,-79.67721999999999
106.79307864,-6.15436574,-78.26,-79.09225499999998
106.79307864,-6.15436574,-78.44,-81.18562000000003
106.79307864,-6.15436574,-78.06,-79.58002499999998
106.79307864,-6.15436574,-78.12,-80.85598999999999
106.79307864,-6.15436574,-78.0,-80.97626
106.79307864,-6.15436574,-78.44,-78.60846000000001
106.79307864,-6.15436574,-78.83,-82.52166000000003
106.79307864,-6.15436574,-78.68,-81.25541500000001
106.79307864,-6.15436574,-78.46,-81.58328999999999
106.79307864,-6.15436574,-77.84,-80.99408999999999
106.79307864,-6.15436574,-77.81,-79.86522499999997
106.79307864,-6.15436574,-78.02,-78.17848500000001
106.79307864,-6.15436574,-77.99,-81.21616
106.79307864,-6.15436574,-78.21,-79.92117999999999
106.79307864,-6.15436574,-78.32,-78.514495
106.79307864,-6.15436574,-78.57,-81.86516499999998
106.79307864,-6.15436574,-79.48,-72.28870000000002
106.79307864,-6.15436574,-78.7,-83.21400499999999
106.79307864,-6.15436574,-78.39,-81.85456500000001
106.79307864,-6.15436574,-78.76,-82.15816500000001
106.79307864,-6.15436574,-78.44,-74.95862
106.79307864,-6.15436574,-78.17,-81.50530499999996
106.79307864,-6.15436574,-77.17,-81.24584499999999
106.79307864,-6.15436574,-77.36,-80.97897499999999
106.79307864,-6.15436574,-78.56,-81.93945999999998
106.79307864,-6.15436574,-77.55,-81.213525
106.79307864,-6.15436574,-76.74,-82.82029499999999
106.79307864,-6.15436574,-77.26,-80.89263999999999
106.79307864,-6.15436574,-77.11,-81.18995999999999
106.79307864,-6.15436574,-77.72,-81.17622499999999
106.79307864,-6.15436574,-78.02,-80.84155000000001
106.79307864,-6.15436574,-78.17,-81.08668500000002
106.79307864,-6.15436574,-78.04,-79.24351999999996
106.79307864,-6.15436574,-78.27,-80.38774500000001
106.79307864,-6.15436574,-78.24,-80.64496
106.79307864,-6.15436574,-77.96,-79.53602
106.79307864,-6.15436574,-77.91,-79.99839499999996
106.79307864,-6.15436574,-78.3,-81.14746
106.79307864,-6.15436574,-78.12,-78.439545
106.79307864,-6.15436574,-79.22,-78.36196000000002
106.79307864,-6.15436574,-77.84,-78.45906000000001
106.79307864,-6.15436574,-79.34,-80.588525
106.79307889,-6.15436213,-78.22,-79.98244000000001
106.79308056,-6.15435991,-77.16,-79.30842499999997
106.79308862,-6.15436237,-76.62,-80.55725999999999
106.79309885,-6.15436933,-77.5,-79.48155499999999
106.7931168,-6.15437671,-78.94,-81.06738
106.79312893,-6.15438444,-80.93,-82.09326
106.79314205,-6.15439501,-82.09,-82.20423
106.79315243,-6.15440268,-80.75,-75.36042
106.79316221,-6.15441191,-81.97,-81.99323499999998
106.79317329,-6.15442103,-82.58,-80.31550500000002
106.79318024,-6.15442441,-82.16,-81.29391999999999
106.79318795,-6.15442749,-82.21,-82.234275
106.7931977,-6.15443007,-81.29,-78.263865
106.79321069,-6.15443381,-85.13,-82.43900000000002
106.79322107,-6.15443825,-83.71,-81.00489999999998
106.79323046,-6.15444041,-83.81,-81.60925500000002
106.79323614,-6.15444144,-83.52,-81.40259499999999
106.79323651,-6.15444151,-84.92,-83.39158
106.79323651,-6.15444151,-83.3,-82.903685
106.79323651,-6.15444151,-80.37,-82.33085499999999
106.79323651,-6.15444151,-82.56,-82.504545
106.79324078,-6.15443984,-83.9,-82.874805
106.79324896,-6.15444171,-80.07,-80.949875
106.7932582,-6.15444123,-81.01,-81.68384
106.79326743,-6.15443582,-80.06,-80.351005
106.79327771,-6.15442791,-76.66,-80.51759499999999
106.79328849,-6.15441579,-70.09,-80.92033
106.7932986,-6.15439695,-74.68,-81.22443
106.79331063,-6.15438013,-75.7,-80.84273000000002
106.79332218,-6.1543556,-70.63,-80.20383
106.79333544,-6.15432647,-70.99,-80.98843000000001
106.79334592,-6.15429857,-70.08,-80.56973000000002
106.79335751,-6.15427205,-71.92,-80.64823
106.7933695,-6.15424734,-70.94,-80.05733000000001
106.79338275,-6.15422617,-68.62,-80.34913
106.79339412,-6.15420175,-69.19,-79.94073000000002
106.79340989,-6.15417261,-71.45,-80.11913000000001
106.79342792,-6.15414065,-78.6,-81.43532500000002
106.79345101,-6.15410651,-80.65,-79.50166500000002
106.79347491,-6.15407296,-81.41,-80.33690000000001
106.79350035,-6.15404174,-81.99,-83.0222
106.79352892,-6.15400696,-78.56,-78.69943000000004
106.79356165,-6.1539733,-76.38,-77.1183
106.79359408,-6.15393968,-73.68,-75.66029000000003
106.79362463,-6.15390817,-76.88,-77.61940000000001
106.79365696,-6.15387611,-78.82,-79.24230000000004
106.79369447,-6.15384597,-76.19,-77.6047
106.79373215,-6.15381686,-70.99,-76.935245
106.79376385,-6.15378579,-72.59,-78.55876999999998
106.79380621,-6.15375418,-73.5,-75.55233
106.7938506,-6.15371984,-78.86,-78.86494
106.7938948,-6.1536969,-82.17,-77.04243499999998
106.79393506,-6.15367274,-84.78,-83.39749499999996
106.79397536,-6.15364471,-84.49,-83.72460499999998
106.79402222,-6.15361592,-85.32,-84.65577499999999
106.79407195,-6.1535881,-84.81,-83.51947999999999
106.79412497,-6.15356387,-87.6,-83.855735
106.79417939,-6.15353693,-87.45,-85.39296499999998
106.79424938,-6.15350501,-83.28,-81.263775
106.7943179,-6.1534652,-82.19,-82.54426500000002
106.79438747,-6.15341932,-79.86,-79.711295
106.79444598,-6.15337542,-79.27,-81.38453000000001
106.79450782,-6.15332677,-81.88,-82.192065
106.79456847,-6.15327901,-80.97,-82.357795
106.79462805,-6.15323427,-76.26,-77.98169499999999
106.79469125,-6.15318245,-76.31,-79.0016
106.79474626,-6.15313461,-71.88,-76.57780000000002
106.79479814,-6.15308776,-75.69,-80.62033000000001
106.79484775,-6.15304472,-80.59,-80.30009500000003
106.79490905,-6.15299719,-71.46,-77.04842999999995
106.79497146,-6.15294953,-68.57,-78.11749999999999
106.79502008,-6.15290668,-66.65,-79.26989999999998
106.79506795,-6.15285497,-69.23,-80.74900000000002
106.79510382,-6.15279748,-74.62,-82.45859999999999
106.79512635,-6.15272933,-76.57,-82.3544
106.79512702,-6.15263705,-76.51,-80.0565
106.79509915,-6.15255394,-74.34,-79.404
106.79506189,-6.15247226,-74.38,-82.83090000000001
106.79501755,-6.15238831,-73.51,-82.16650000000001
106.79497443,-6.15230719,-72.58,-81.91280000000003
106.79492825,-6.15221979,-72.12,-82.90580000000001
106.79489047,-6.15214042,-73.81,-77.03933000000002
106.79484988,-6.15205138,-76.14,-77.47659999999999
106.79481407,-6.15197224,-77.7,-77.97099000000001
106.79478033,-6.15189585,-78.3,-78.58761500000001
106.79474624,-6.15182319,-77.14,-77.81875999999995
106.79471153,-6.15175515,-78.99,-81.44318999999999
106.79468204,-6.15170478,-78.93,-81.30655
106.79465462,-6.1516581,-80.45,-78.800175
106.79462885,-6.15161387,-81.4,-81.33924499999999
106.79461118,-6.15157761,-79.15,-75.61849999999998
106.79459396,-6.15152995,-81.56,-80.28369
106.79458784,-6.15149383,-86.57,-87.77690000000003
106.79458846,-6.15145764,-88.72,-86.34862000000001
106.79459993,-6.15142556,-92.39,-90.915355
106.79461736,-6.15140527,-84.54,-87.1016
106.79464032,-6.15139632,-75.91,-78.57113000000001
106.7946661,-6.15139495,-77.28,-78.62203000000001
106.7946974,-6.15140074,-77.86,-78.85623000000001
106.79473003,-6.15141302,-80.57,-79.90800000000003
106.79475994,-6.15143209,-79.84,-79.89262499999998
106.79478692,-6.15145678,-79.41,-79.14656500000004
106.79480551,-6.15148702,-80.45,-81.130575
106.79482352,-6.15152446,-78.56,-80.56904999999999
106.79484367,-6.15156696,-79.33,-80.995825
106.79486473,-6.1516171,-80.89,-75.43520000000001
106.7948883,-6.15166916,-81.38,-82.116645
106.79491077,-6.15172604,-79.39,-72.74910000000006
106.79492873,-6.15178544,-79.03,-73.59940000000005
106.79494653,-6.15183863,-80.33,-74.06830000000001
106.79496819,-6.15189203,-78.78,-73.38260000000002
106.79498939,-6.15194606,-73.93,-69.09047000000001
106.7950141,-6.15200528,-71.18,-68.6274
106.79503918,-6.15206505,-66.39,-62.99879999999998
106.79506322,-6.15212366,-65.4,-70.44141999999997
106.7950896,-6.15217788,-63.540000000000006,-67.93660000000001
106.79511454,-6.15222111,-66.49,-70.63335999999998
106.79513858,-6.15225744,-68.52,-76.57849999999999
106.79515733,-6.15228123,-69.67,-78.85499
106.79517294,-6.15229649,-72.47,-78.59405999999998
106.79518667,-6.15230534,-75.44,-80.12463999999999
106.79519281,-6.15231427,-77.3,-80.57653499999998
106.79519377,-6.15232349,-77.45,-79.83888999999998
106.79519381,-6.15232396,-78.31,-79.022995
106.79519264,-6.15232942,-76.93,-78.48666500000002
106.79519259,-6.15232968,-75.96,-78.40503000000002
106.79519365,-6.15233721,-77.95,-79.77096
106.79519848,-6.15234897,-79.77,-80.83154499999999
106.79520291,-6.15236622,-80.5,-81.228145
106.79520382,-6.15239172,-81.59,-83.29469499999999
106.79521018,-6.15241964,-81.61,-80.78770000000002
106.79521402,-6.15245073,-80.21,-80.120425
106.79522119,-6.15248218,-80.88,-81.19006
106.79523005,-6.15251568,-83.02,-83.68283000000002
106.7952391,-6.15255163,-83.16,-83.66819500000001
106.79524463,-6.15258816,-84.96,-82.387405
106.7952499,-6.15262361,-85.52,-84.31043000000001
106.79525288,-6.15265937,-86.33,-83.02971
106.79525448,-6.15268659,-82.27,-77.11699999999999
106.79525734,-6.1527264,-85.78,-83.2523
106.79526151,-6.15275718,-83.81,-80.42769999999997
106.79526557,-6.1527807,-85.82,-84.13441499999998
106.79527024,-6.15280573,-83.25,-80.3631
106.79527194,-6.15282599,-86.22,-83.91659500000002
106.79527123,-6.15284472,-86.76,-84.2933
106.79527158,-6.15285667,-82.31,-82.23691499999997
106.79527133,-6.15286523,-84.28,-82.03500499999998
106.79527133,-6.15286523,-83.67,-80.62299999999999
106.79527133,-6.15286523,-82.54,-82.37469999999999
106.79527133,-6.15286523,-81.8,-79.95241499999999
106.79527133,-6.15286523,-84.21,-82.53649499999997
106.79527133,-6.15286523,-85.03,-82.64396999999997
106.79527133,-6.15286523,-81.18,-75.58440000000003
106.79527133,-6.15286523,-82.74,-77.67190000000001
106.79527133,-6.15286523,-82.53,-77.3627
106.79526973,-6.15287014,-83.84,-81.86889000000001
106.79526632,-6.15288183,-83.85,-84.50683499999998
106.79526236,-6.15290301,-82.5,-78.82413500000001
106.79525613,-6.1529269,-82.9,-78.8825
106.7952447,-6.15295357,-83.45,-80.42109999999998
106.79523098,-6.15297998,-79.47,-73.65820000000001
106.79521135,-6.15301249,-75.37,-71.32020000000004
106.79518956,-6.15304339,-73.68,-77.98405499999997
106.79516952,-6.15307178,-74.19,-69.94474000000002
106.7951495,-6.15309922,-72.18,-77.14081999999999
106.79512308,-6.15312695,-71.43,-78.14093
106.79508734,-6.15315435,-73.02,-68.91910000000001
106.79505185,-6.15318124,-75.02,-78.568885
106.79501578,-6.15321104,-73.28,-76.46114500000002
106.79497578,-6.15324551,-74.53,-79.24705999999999
106.79493864,-6.15328495,-76.62,-71.62910000000005
106.79489803,-6.15332499,-70.51,-73.093065
106.79485005,-6.15335903,-70.45,-77.35663
106.79480846,-6.15338643,-72.02,-77.66086
106.79475723,-6.15341698,-74.75,-69.66399999999999
106.79470981,-6.15344439,-77.83,-80.20666999999999
106.79466113,-6.15347202,-82.47,-81.22578999999999
106.79461403,-6.15349647,-80.94,-75.20939999999999
106.79456055,-6.1535232,-84.56,-84.15363499999998
106.79450664,-6.15355512,-82.9,-84.01903499999999
106.79445748,-6.15358633,-83.24,-77.66600000000003
106.79440692,-6.15361652,-80.31,-73.5414
106.79435724,-6.15364498,-83.1,-82.70319500000002
106.79431227,-6.15367402,-84.33,-83.613545
106.79427191,-6.1537013,-85.67,-83.60471999999999
106.79423412,-6.15373034,-87.31,-85.1382
106.794199,-6.15376631,-86.67,-84.0157
106.79417366,-6.1537964,-84.98,-82.468
106.79413111,-6.15384666,-83.83,-81.01580000000004
106.79408672,-6.15388002,-82.61,-79.07190000000001
106.79404453,-6.15391113,-83.0,-79.66039499999998
106.79400778,-6.15394591,-83.95,-80.91789999999997
106.79398253,-6.15398069,-84.25,-81.16949999999999
106.79396559,-6.15403396,-85.69,-83.1425
106.79393626,-6.15408872,-84.41,-83.0512
106.79391064,-6.15414171,-80.8,-75.2647
106.79388645,-6.15418913,-75.59,-72.29400000000003
106.7938585,-6.15424695,-75.26,-71.53720000000004
106.79382563,-6.15430646,-70.92,-70.42700000000002
106.79380016,-6.15436189,-61.32,-76.31375500000001
106.79377924,-6.15441597,-69.92,-76.80623000000001
106.7937519,-6.15447645,-65.08,-76.21986000000001
106.79372535,-6.15453497,-62.150000000000006,-76.65923000000001
106.79369738,-6.15458978,-64.92,-76.74916
106.79366782,-6.15465623,-68.68,-77.84076000000002
106.79363295,-6.15472098,-62.61,-76.71096000000001
106.79360355,-6.15478069,-69.0,-77.490965
106.7935753,-6.15484325,-67.88,-76.46445499999999
106.79355017,-6.15490765,-65.99,-76.514095
106.79352545,-6.15497155,-65.54,-76.31432999999998
106.79350357,-6.15503113,-67.43,-76.57196
106.79347967,-6.15509945,-74.96,-78.10864999999998
106.79345662,-6.15516535,-75.56,-70.49780000000003
106.79343177,-6.15523366,-73.75,-68.42530000000001
106.79340477,-6.1553034,-76.65,-72.0436
106.79337874,-6.15536843,-83.84,-77.63100000000001
106.79334904,-6.15543167,-86.48,-83.78333499999998
106.79331955,-6.15549466,-89.97,-86.85999999999999
106.79329075,-6.1555585,-90.86,-88.21519999999998
106.79326166,-6.15562399,-92.96,-90.0419
106.79323469,-6.15568429,-94.43,-84.49020000000002
106.79320872,-6.1557441,-94.2,-83.17620000000004
106.79317875,-6.15581622,-96.28,-85.5716
106.79315053,-6.15588343,-95.49,-84.47920000000002
106.79311926,-6.15595183,-97.57,-86.20749999999998
106.79308283,-6.15602663,-96.86,-86.04130000000002
106.79304202,-6.15610465,-96.93,-85.82749999999999
106.79299857,-6.1561849,-99.17,-87.49439999999998
106.79295817,-6.15627089,-97.88,-85.90820000000001
106.79291858,-6.1563609,-100.12,-88.3873
106.79289634,-6.15642437,-96.07,-85.11840000000005
106.79285738,-6.15653618,-93.78,-90.76333
106.79281944,-6.15662461,-93.24,-90.73607
106.79278085,-6.15670962,-91.89,-88.76052499999999
106.79273456,-6.15680254,-84.35,-85.18806000000001
106.79269548,-6.15688083,-83.94,-85.03856000000002
106.79265609,-6.15697606,-81.94,-83.75537
106.79261828,-6.15707146,-89.34,-86.15116500000002
106.79258033,-6.1571612,-89.87,-86.13286500000002
106.79254149,-6.15724102,-90.64,-87.68489999999998
106.79250037,-6.1573271,-90.54,-87.47169499999998
106.79245672,-6.15741893,-89.44,-86.6856
106.79241013,-6.15750832,-94.33,-90.9885
106.79236413,-6.15759433,-98.67,-87.17379999999999
106.79232566,-6.15768739,-97.39,-86.30710000000003
106.79229423,-6.15776488,-95.31,-92.0629
106.79225601,-6.15785666,-93.55,-90.09533000000002
106.79222121,-6.15794185,-91.77,-88.73572499999999
106.79218742,-6.15802463,-93.21,-90.78428000000002
106.79215211,-6.15810689,-97.03,-92.207
106.79211969,-6.15818155,-96.39,-85.0584
106.79207824,-6.15828062,-93.2,-83.40180000000001
106.79204012,-6.15837776,-96.8,-85.65600000000002
106.79201096,-6.1584516,-91.6,-81.24024000000001
106.79197064,-6.1585494,-86.88,-84.1656
106.79194207,-6.15861738,-86.18,-83.50130999999996
